film_id,title,description,adquisition_year,language_id,rental_duration,rental_rate,length,replacement_cost,rating,trailer,commentaries,behind_scenes,deleted_scenes
1,Academy Dinosaur,Epic Drama of a Feminist And a Mad,2006,1,6,0.99,86,20.99,PG,0,0,1,1
2,Ace Goldfinger,Astounding Epistle of a Database Administrator And a,2006,1,3,4.99,48,12.99,G,1,0,0,1
3,Adaptation Holes,Astounding Reflection of a Lumberjack And a Car,2006,1,7,2.99,50,18.99,NC-17,1,0,0,1
4,Affair Prejudice,Fanciful Documentary of a Frisbee And a Lumberjack,2006,1,5,2.99,117,26.99,G,0,1,1,0
5,African Egg,Fast-Paced Documentary of a Pastry Chef And a,2006,1,6,2.99,130,22.99,G,0,0,0,1
6,Agent Truman,Intrepid Panorama of a Robot And a Boy,2006,1,3,2.99,169,17.99,PG,0,0,0,1
7,Airplane Sierra,Touching Saga of a Hunter And a Butler,2006,1,6,4.99,62,28.99,PG-13,1,0,0,1
8,Airport Pollock,Epic Tale of a Moose And a Girl,2006,1,6,4.99,54,15.99,R,1,0,0,0
9,Alabama Devil,Thoughtful Panorama of a Database Administrator And a,2006,1,3,2.99,114,21.99,PG-13,1,0,0,1
10,Aladdin Calendar,Action-Packed Tale of a Man And a Lumberjack,2006,1,6,4.99,63,24.99,NC-17,1,0,0,1
11,Alamo Videotape,Boring Epistle of a Butler And a Cat,2006,1,6,0.99,126,16.99,G,0,1,1,0
12,Alaska Phantom,Fanciful Saga of a Hunter And a Pastry,2006,1,6,0.99,136,22.99,PG,0,1,0,1
13,Ali Forever,Action-Packed Drama of a Dentist And a Crocodile,2006,1,4,4.99,150,21.99,PG,0,0,1,1
14,Alice Fantasia,Emotional Drama of a A Shark And a,2006,1,6,0.99,94,23.99,NC-17,1,0,1,1
15,Alien Center,Brilliant Drama of a Cat And a Mad,2006,1,5,2.99,46,10.99,NC-17,1,1,1,0
16,Alley Evolution,Fast-Paced Drama of a Robot And a Composer,2006,1,6,2.99,180,23.99,NC-17,1,1,0,0
17,Alone Trip,Fast-Paced Character Study of a Composer And a,2006,1,3,0.99,82,14.99,R,1,0,1,0
18,Alter Victory,Thoughtful Drama of a Composer And a Feminist,2006,1,6,0.99,57,27.99,PG-13,1,0,1,0
19,Amadeus Holy,Emotional Display of a Pioneer And a Technical,2006,1,6,0.99,113,20.99,PG,0,1,1,1
20,Amelie Hellfighters,Boring Drama of a Woman And a Squirrel,2006,1,4,4.99,79,23.99,R,0,1,1,1
21,American Circus,Insightful Drama of a Girl And a Astronaut,2006,1,3,4.99,129,17.99,R,0,1,1,0
22,Amistad Midsummer,Emotional Character Study of a Dentist And a,2006,1,6,2.99,85,10.99,G,0,1,1,0
23,Anaconda Confessions,Lacklusture Display of a Dentist And a Dentist,2006,1,3,0.99,92,9.99,R,1,0,0,1
24,Analyze Hoosiers,Thoughtful Display of a Explorer And a Pastry,2006,1,6,2.99,181,19.99,R,1,0,1,0
25,Angels Life,Thoughtful Display of a Woman And a Astronaut,2006,1,3,2.99,74,15.99,G,1,0,0,0
26,Annie Identity,Amazing Panorama of a Pastry Chef And a,2006,1,3,0.99,86,15.99,G,0,1,0,1
27,Anonymous Human,Amazing Reflection of a Database Administrator And a,2006,1,7,0.99,179,12.99,NC-17,0,0,1,1
28,Anthem Luke,Touching Panorama of a Waitress And a Woman,2006,1,5,4.99,91,16.99,PG-13,0,0,1,1
29,Antitrust Tomatoes,Fateful Yarn of a Womanizer And a Feminist,2006,1,5,2.99,168,11.99,NC-17,1,1,0,1
30,Anything Savannah,Epic Story of a Pastry Chef And a,2006,1,4,2.99,82,27.99,R,1,0,1,1
31,Apache Divine,Awe-Inspiring Reflection of a Pastry Chef And a,2006,1,5,4.99,92,16.99,NC-17,0,1,1,1
32,Apocalypse Flamingos,Astounding Story of a Dog And a Squirrel,2006,1,6,4.99,119,11.99,R,1,1,0,0
33,Apollo Teen,Action-Packed Reflection of a Crocodile And a Explorer,2006,1,5,2.99,153,15.99,PG-13,1,1,1,1
34,Arabia Dogma,Touching Epistle of a Madman And a Mad,2006,1,6,0.99,62,29.99,NC-17,0,1,0,1
35,Arachnophobia Rollercoaster,Action-Packed Reflection of a Pastry Chef And a,2006,1,4,2.99,147,24.99,PG-13,1,0,1,1
36,Argonauts Town,Emotional Epistle of a Forensic Psychologist And a,2006,1,7,0.99,127,12.99,PG-13,1,1,0,0
37,Arizona Bang,Brilliant Panorama of a Mad Scientist And a,2006,1,3,2.99,121,28.99,PG,1,0,0,1
38,Ark Ridgemont,Beautiful Yarn of a Pioneer And a Monkey,2006,1,6,0.99,68,25.99,NC-17,1,1,1,1
39,Armageddon Lost,Fast-Paced Tale of a Boat And a Teacher,2006,1,5,0.99,99,10.99,G,1,0,0,0
40,Army Flintstones,Boring Saga of a Database Administrator And a,2006,1,4,0.99,148,22.99,R,1,1,0,0
41,Arsenic Independence,Fanciful Documentary of a Mad Cow And a,2006,1,4,0.99,137,17.99,PG,1,0,1,1
42,Artist Coldblooded,Stunning Reflection of a Robot And a Moose,2006,1,5,2.99,170,10.99,NC-17,1,0,1,0
43,Atlantis Cause,Thrilling Yarn of a Feminist And a Hunter,2006,1,6,2.99,170,15.99,G,0,0,1,0
44,Attacks Hate,Fast-Paced Panorama of a Technical Writer And a,2006,1,5,4.99,113,21.99,PG-13,1,0,1,0
45,Attraction Newton,Astounding Panorama of a Composer And a Frisbee,2006,1,5,4.99,83,14.99,PG-13,1,0,1,0
46,Autumn Crow,Beautiful Tale of a Dentist And a Mad,2006,1,3,4.99,108,13.99,G,1,1,1,1
47,Baby Hall,Boring Character Study of a A Shark And,2006,1,5,4.99,153,23.99,NC-17,0,1,0,0
48,Backlash Undefeated,Stunning Character Study of a Mad Scientist And,2006,1,3,4.99,118,24.99,PG-13,1,0,1,0
49,Badman Dawn,Emotional Panorama of a Pioneer And a Composer,2006,1,6,2.99,162,22.99,R,1,1,1,0
50,Baked Cleopatra,Stunning Drama of a Forensic Psychologist And a,2006,1,3,2.99,182,20.99,G,0,1,1,0
51,Balloon Homeward,Insightful Panorama of a Forensic Psychologist And a,2006,1,5,2.99,75,10.99,NC-17,0,0,0,1
52,Ballroom Mockingbird,Thrilling Documentary of a Composer And a Monkey,2006,1,6,0.99,173,29.99,G,0,1,0,1
53,Bang Kwai,Epic Drama of a Madman And a Cat,2006,1,5,2.99,87,25.99,NC-17,0,1,1,1
54,Banger Pinocchio,Awe-Inspiring Drama of a Car And a Pastry,2006,1,5,0.99,113,15.99,R,1,1,0,1
55,Barbarella Streetcar,Awe-Inspiring Story of a Feminist And a Cat,2006,1,6,2.99,65,27.99,G,0,0,1,0
56,Barefoot Manchurian,Intrepid Story of a Cat And a Student,2006,1,6,2.99,129,15.99,G,1,1,0,0
57,Basic Easy,Stunning Epistle of a Man And a Husband,2006,1,4,2.99,90,18.99,PG-13,0,0,0,1
58,Beach Heartbreakers,Fateful Display of a Womanizer And a Mad,2006,1,6,2.99,122,16.99,G,0,0,1,1
59,Bear Graceland,Astounding Saga of a Dog And a Boy,2006,1,4,2.99,160,20.99,R,0,0,0,1
60,Beast Hunchback,Awe-Inspiring Epistle of a Student And a Squirrel,2006,1,3,4.99,89,22.99,R,0,0,1,1
61,Beauty Grease,Fast-Paced Display of a Composer And a Moose,2006,1,5,4.99,175,28.99,G,1,1,0,0
62,Bed Highball,Astounding Panorama of a Lumberjack And a Dog,2006,1,5,2.99,106,23.99,NC-17,1,1,0,1
63,Bedazzled Married,Astounding Character Study of a Madman And a,2006,1,6,0.99,73,21.99,PG,1,0,1,1
64,Beethoven Exorcist,Epic Display of a Pioneer And a Student,2006,1,6,0.99,151,26.99,PG-13,0,1,1,0
65,Behavior Runaway,Unbelieveable Drama of a Student And a Husband,2006,1,3,4.99,100,20.99,PG,1,0,1,1
66,Beneath Rush,Astounding Panorama of a Man And a Monkey,2006,1,6,0.99,53,27.99,NC-17,0,1,0,1
67,Berets Agent,Taut Saga of a Crocodile And a Boy,2006,1,5,2.99,77,24.99,PG-13,0,0,0,1
68,Betrayed Rear,Emotional Character Study of a Boat And a,2006,1,5,4.99,122,26.99,NC-17,0,1,1,1
69,Beverly Outlaw,Fanciful Documentary of a Womanizer And a Boat,2006,1,3,2.99,85,21.99,R,1,0,0,0
70,Bikini Borrowers,Astounding Drama of a Astronaut And a Cat,2006,1,7,4.99,142,26.99,NC-17,0,1,0,1
71,Bilko Anonymous,Emotional Reflection of a Teacher And a Man,2006,1,3,4.99,100,25.99,PG-13,0,1,1,1
72,Bill Others,Stunning Saga of a Mad Scientist And a,2006,1,6,2.99,93,12.99,PG,1,1,0,0
73,Bingo Talented,Touching Tale of a Girl And a Crocodile,2006,1,5,2.99,150,22.99,PG-13,1,1,0,0
74,Birch Antitrust,Fanciful Panorama of a Husband And a Pioneer,2006,1,4,4.99,162,18.99,PG,1,1,0,1
75,Bird Independence,Thrilling Documentary of a Car And a Student,2006,1,6,4.99,163,14.99,G,0,1,1,0
76,Birdcage Casper,Fast-Paced Saga of a Frisbee And a Astronaut,2006,1,4,0.99,103,23.99,NC-17,0,1,1,1
77,Birds Perdition,Boring Story of a Womanizer And a Pioneer,2006,1,5,4.99,61,15.99,G,1,0,1,0
78,Blackout Private,Intrepid Yarn of a Pastry Chef And a,2006,1,7,2.99,85,12.99,PG,1,0,0,1
79,Blade Polish,Thoughtful Character Study of a Frisbee And a,2006,1,5,0.99,114,10.99,PG-13,1,0,1,0
80,Blanket Beverly,Emotional Documentary of a Student And a Girl,2006,1,7,2.99,148,21.99,G,1,0,0,0
81,Blindness Gun,Touching Drama of a Robot And a Dentist,2006,1,6,4.99,103,29.99,PG-13,1,0,1,0
82,Blood Argonauts,Boring Drama of a Explorer And a Man,2006,1,3,0.99,71,13.99,G,1,1,1,0
83,Blues Instinct,Insightful Documentary of a Boat And a Composer,2006,1,5,2.99,50,18.99,G,1,0,1,1
84,Boiled Dares,Awe-Inspiring Story of a Waitress And a Dog,2006,1,7,4.99,102,13.99,PG,1,1,0,0
85,Bonnie Holocaust,Fast-Paced Story of a Crocodile And a Robot,2006,1,4,0.99,63,29.99,G,0,0,0,1
86,Boogie Amelie,Lacklusture Character Study of a Husband And a,2006,1,6,4.99,121,11.99,R,0,1,1,0
87,Boondock Ballroom,Fateful Panorama of a Crocodile And a Boy,2006,1,7,0.99,76,14.99,NC-17,0,0,1,0
88,Born Spinal,Touching Epistle of a Frisbee And a Husband,2006,1,7,4.99,179,17.99,PG,1,1,0,1
89,Borrowers Bedazzled,Brilliant Epistle of a Teacher And a Sumo,2006,1,7,0.99,63,22.99,G,0,1,1,1
90,Boulevard Mob,Fateful Epistle of a Moose And a Monkey,2006,1,3,0.99,63,11.99,R,1,0,0,0
91,Bound Cheaper,Thrilling Panorama of a Database Administrator And a,2006,1,5,0.99,98,17.99,PG,0,0,1,0
92,Bowfinger Gables,Fast-Paced Yarn of a Waitress And a Composer,2006,1,7,4.99,72,19.99,NC-17,1,0,0,1
93,Brannigan Sunrise,Amazing Epistle of a Moose And a Crocodile,2006,1,4,4.99,121,27.99,PG,1,0,0,0
94,Braveheart Human,Insightful Story of a Dog And a Pastry,2006,1,7,2.99,176,14.99,PG-13,1,0,0,1
95,Breakfast Goldfinger,Beautiful Reflection of a Student And a Student,2006,1,5,4.99,123,18.99,G,1,1,0,1
96,Breaking Home,Beautiful Display of a Secret Agent And a,2006,1,4,2.99,169,21.99,PG-13,1,1,0,0
97,Bride Intrigue,Epic Tale of a Robot And a Monkey,2006,1,7,0.99,56,24.99,G,1,1,1,0
98,Bright Encounters,Fateful Yarn of a Lumberjack And a Feminist,2006,1,4,4.99,73,12.99,PG-13,1,0,0,0
99,Bringing Hysterical,Fateful Saga of a A Shark And a,2006,1,7,2.99,136,14.99,PG,1,0,0,0
100,Brooklyn Desert,Beautiful Drama of a Dentist And a Composer,2006,1,7,4.99,161,21.99,R,0,1,0,0
101,Brotherhood Blanket,Fateful Character Study of a Butler And a,2006,1,3,0.99,73,26.99,R,0,0,1,0
102,Bubble Grosse,Awe-Inspiring Panorama of a Crocodile And a Moose,2006,1,4,4.99,60,20.99,R,1,1,1,1
103,Bucket Brotherhood,Amazing Display of a Girl And a Womanizer,2006,1,7,4.99,133,27.99,PG,0,1,0,1
104,Bugsy Song,Awe-Inspiring Character Study of a Secret Agent And,2006,1,4,2.99,119,17.99,G,0,1,0,0
105,Bull Shawshank,Fanciful Drama of a Moose And a Squirrel,2006,1,6,0.99,125,21.99,NC-17,0,0,0,1
106,Bulworth Commandments,Amazing Display of a Mad Cow And a,2006,1,4,2.99,61,14.99,G,1,0,0,0
107,Bunch Minds,Emotional Story of a Feminist And a Feminist,2006,1,4,2.99,63,13.99,G,0,0,1,0
108,Butch Panther,Lacklusture Yarn of a Feminist And a Database,2006,1,6,0.99,67,19.99,PG-13,1,1,0,1
109,Butterfly Chocolat,Fateful Story of a Girl And a Composer,2006,1,3,0.99,89,17.99,G,0,0,1,0
110,Cabin Flash,Stunning Epistle of a Boat And a Man,2006,1,4,0.99,53,25.99,NC-17,0,1,0,1
111,Caddyshack Jedi,Awe-Inspiring Epistle of a Woman And a Madman,2006,1,3,0.99,52,17.99,NC-17,0,1,0,1
112,Calendar Gunfight,Thrilling Drama of a Frisbee And a Lumberjack,2006,1,4,4.99,120,22.99,NC-17,1,1,1,0
113,California Birds,Thrilling Yarn of a Database Administrator And a,2006,1,4,4.99,75,19.99,NC-17,1,1,0,1
114,Camelot Vacation,Touching Character Study of a Woman And a,2006,1,3,0.99,61,26.99,NC-17,1,1,1,1
115,Campus Remember,Astounding Drama of a Crocodile And a Mad,2006,1,5,2.99,167,27.99,R,0,0,1,0
116,Candidate Perdition,Brilliant Epistle of a Composer And a Database,2006,1,4,2.99,70,10.99,R,0,0,1,1
117,Candles Grapes,Fanciful Character Study of a Monkey And a,2006,1,6,4.99,135,15.99,NC-17,1,0,0,1
118,Canyon Stock,Thoughtful Reflection of a Waitress And a Feminist,2006,1,7,0.99,85,26.99,R,1,0,0,1
119,Caper Motions,Fateful Saga of a Moose And a Car,2006,1,6,0.99,176,22.99,G,1,1,0,1
120,Caribbean Liberty,Fanciful Tale of a Pioneer And a Technical,2006,1,3,4.99,92,16.99,NC-17,0,1,0,1
121,Carol Texas,Astounding Character Study of a Composer And a,2006,1,4,2.99,151,15.99,PG,1,0,1,0
122,Carrie Bunch,Amazing Epistle of a Student And a Astronaut,2006,1,7,0.99,114,11.99,PG,1,1,1,0
123,Casablanca Super,Amazing Panorama of a Crocodile And a Forensic,2006,1,6,4.99,85,22.99,G,1,0,1,1
124,Casper Dragonfly,Intrepid Documentary of a Boat And a Crocodile,2006,1,3,4.99,163,16.99,PG-13,1,0,0,0
125,Cassidy Wyoming,Intrepid Drama of a Frisbee And a Hunter,2006,1,5,2.99,61,19.99,NC-17,0,1,1,0
126,Casualties Encino,Insightful Yarn of a A Shark And a,2006,1,3,4.99,179,16.99,G,1,0,0,0
127,Cat Coneheads,Fast-Paced Panorama of a Girl And a A,2006,1,5,4.99,112,14.99,G,0,1,0,1
128,Catch Amistad,Boring Reflection of a Lumberjack And a Feminist,2006,1,7,0.99,183,10.99,G,1,0,1,0
129,Cause Date,Taut Tale of a Explorer And a Pastry,2006,1,3,2.99,179,16.99,R,0,1,1,1
130,Celebrity Horn,Amazing Documentary of a Secret Agent And a,2006,1,7,0.99,110,24.99,PG-13,0,0,1,1
131,Center Dinosaur,Beautiful Character Study of a Sumo Wrestler And,2006,1,5,4.99,152,12.99,PG,0,0,0,1
132,Chainsaw Uptown,Beautiful Documentary of a Boy And a Robot,2006,1,6,0.99,114,25.99,PG,0,0,1,1
133,Chamber Italian,Fateful Reflection of a Moose And a Husband,2006,1,7,4.99,117,14.99,NC-17,1,0,0,0
134,Champion Flatliners,Amazing Story of a Mad Cow And a,2006,1,4,4.99,51,21.99,PG,1,0,0,0
135,Chance Resurrection,Astounding Story of a Forensic Psychologist And a,2006,1,3,2.99,70,22.99,R,0,1,1,1
136,Chaplin License,Boring Drama of a Dog And a Forensic,2006,1,7,2.99,146,26.99,NC-17,0,0,1,0
137,Charade Duffel,Action-Packed Display of a Man And a Waitress,2006,1,3,2.99,66,21.99,PG,1,0,1,1
138,Chariots Conspiracy,Unbelieveable Epistle of a Robot And a Husband,2006,1,5,2.99,71,29.99,R,0,0,1,1
139,Chasing Fight,Astounding Saga of a Technical Writer And a,2006,1,7,4.99,114,21.99,PG,1,1,0,0
140,Cheaper Clyde,Emotional Character Study of a Pioneer And a,2006,1,6,0.99,87,23.99,G,1,1,1,0
141,Chicago North,Fateful Yarn of a Mad Cow And a,2006,1,6,4.99,185,11.99,PG-13,0,0,1,1
142,Chicken Hellfighters,Emotional Drama of a Dog And a Explorer,2006,1,3,0.99,122,24.99,PG,1,1,1,1
143,Chill Luck,Lacklusture Epistle of a Boat And a Technical,2006,1,6,0.99,142,17.99,PG,1,1,0,1
144,Chinatown Gladiator,Brilliant Panorama of a Technical Writer And a,2006,1,7,4.99,61,24.99,PG,1,1,0,1
145,Chisum Behavior,Epic Documentary of a Sumo Wrestler And a,2006,1,5,4.99,124,25.99,G,1,1,1,0
146,Chitty Lock,Boring Epistle of a Boat And a Database,2006,1,6,2.99,107,24.99,G,0,1,0,0
147,Chocolat Harry,Action-Packed Epistle of a Dentist And a Moose,2006,1,5,0.99,101,16.99,NC-17,0,1,1,0
148,Chocolate Duck,Unbelieveable Story of a Mad Scientist And a,2006,1,3,2.99,132,13.99,R,1,1,1,0
149,Christmas Moonshine,Action-Packed Epistle of a Feminist And a Astronaut,2006,1,7,0.99,150,21.99,NC-17,1,1,1,0
150,Cider Desire,Stunning Character Study of a Composer And a,2006,1,7,2.99,101,9.99,PG,0,0,1,0
151,Cincinatti Whisperer,Brilliant Saga of a Pastry Chef And a,2006,1,5,4.99,143,26.99,NC-17,0,0,0,1
152,Circus Youth,Thoughtful Drama of a Pastry Chef And a,2006,1,5,2.99,90,13.99,PG-13,1,0,1,1
153,Citizen Shrek,Fanciful Character Study of a Technical Writer And,2006,1,7,0.99,165,18.99,G,0,1,0,1
154,Clash Freddy,Amazing Yarn of a Composer And a Squirrel,2006,1,6,2.99,81,12.99,G,0,1,0,1
155,Cleopatra Devil,Fanciful Documentary of a Crocodile And a Technical,2006,1,6,0.99,150,26.99,PG-13,1,0,1,1
156,Clerks Angels,Thrilling Display of a Sumo Wrestler And a,2006,1,3,4.99,164,15.99,G,0,1,0,0
157,Clockwork Paradise,Insightful Documentary of a Technical Writer And a,2006,1,7,0.99,143,29.99,PG-13,1,1,1,1
158,Clones Pinocchio,Amazing Drama of a Car And a Robot,2006,1,6,2.99,124,16.99,R,0,0,1,0
159,Closer Bang,Unbelieveable Panorama of a Frisbee And a Hunter,2006,1,5,4.99,58,12.99,R,1,0,1,0
160,Club Graffiti,Epic Tale of a Pioneer And a Hunter,2006,1,4,0.99,65,12.99,PG-13,1,0,0,1
161,Clue Grail,Taut Tale of a Butler And a Mad,2006,1,6,4.99,70,27.99,NC-17,1,1,1,0
162,Clueless Bucket,Taut Tale of a Car And a Pioneer,2006,1,4,2.99,95,13.99,R,1,0,1,1
163,Clyde Theory,Beautiful Yarn of a Astronaut And a Frisbee,2006,1,4,0.99,139,29.99,PG-13,0,1,1,1
164,Coast Rainbow,Astounding Documentary of a Mad Cow And a,2006,1,4,0.99,55,20.99,PG,1,1,1,1
165,Coldblooded Darling,Brilliant Panorama of a Dentist And a Moose,2006,1,7,4.99,70,27.99,G,1,0,0,1
166,Color Philadelphia,Thoughtful Panorama of a Car And a Crocodile,2006,1,6,2.99,149,19.99,G,0,1,1,0
167,Coma Head,Awe-Inspiring Drama of a Boy And a Frisbee,2006,1,6,4.99,109,10.99,NC-17,0,1,0,0
168,Comancheros Enemy,Boring Saga of a Lumberjack And a Monkey,2006,1,5,0.99,67,23.99,R,1,0,1,0
169,Comforts Rush,Unbelieveable Panorama of a Pioneer And a Husband,2006,1,3,2.99,76,19.99,NC-17,0,1,1,0
170,Command Darling,Awe-Inspiring Tale of a Forensic Psychologist And a,2006,1,5,4.99,120,28.99,PG-13,0,0,1,0
171,Commandments Express,Fanciful Saga of a Student And a Mad,2006,1,6,4.99,59,13.99,R,1,1,0,1
172,Coneheads Smoochy,Touching Story of a Womanizer And a Composer,2006,1,7,4.99,112,12.99,NC-17,0,0,1,1
173,Confessions Maguire,Insightful Story of a Car And a Boy,2006,1,7,4.99,65,25.99,PG-13,0,0,1,0
174,Confidential Interview,Stunning Reflection of a Cat And a Woman,2006,1,6,4.99,180,13.99,NC-17,0,1,0,0
175,Confused Candles,Stunning Epistle of a Cat And a Forensic,2006,1,3,2.99,122,27.99,PG-13,1,1,1,1
176,Congeniality Quest,Touching Documentary of a Cat And a Pastry,2006,1,6,0.99,87,21.99,PG-13,0,1,1,0
177,Connecticut Tramp,Unbelieveable Drama of a Crocodile And a Mad,2006,1,4,4.99,172,20.99,R,0,1,0,1
178,Connection Microcosmos,Fateful Documentary of a Crocodile And a Husband,2006,1,6,0.99,115,25.99,G,0,0,1,1
179,Conquerer Nuts,Taut Drama of a Mad Scientist And a,2006,1,4,4.99,173,14.99,G,0,1,1,1
180,Conspiracy Spirit,Awe-Inspiring Story of a Student And a Frisbee,2006,1,4,2.99,184,27.99,PG-13,1,1,0,0
181,Contact Anonymous,Insightful Display of a A Shark And a,2006,1,7,2.99,166,10.99,PG-13,0,1,0,0
182,Control Anthem,Fateful Documentary of a Robot And a Student,2006,1,7,4.99,185,9.99,G,0,1,0,0
183,Conversation Downhill,Taut Character Study of a Husband And a,2006,1,4,4.99,112,14.99,R,0,1,0,0
184,Core Suit,Unbelieveable Tale of a Car And a Explorer,2006,1,3,2.99,92,24.99,PG-13,0,0,0,1
185,Cowboy Doom,Astounding Drama of a Boy And a Lumberjack,2006,1,3,2.99,146,10.99,PG,0,1,1,1
186,Craft Outfield,Lacklusture Display of a Explorer And a Hunter,2006,1,6,0.99,64,17.99,NC-17,0,0,1,1
187,Cranes Reservoir,Fanciful Documentary of a Teacher And a Dog,2006,1,5,2.99,57,12.99,NC-17,0,1,0,0
188,Crazy Home,Fanciful Panorama of a Boy And a Woman,2006,1,7,2.99,136,24.99,PG,0,1,0,1
189,Creatures Shakespeare,Emotional Drama of a Womanizer And a Squirrel,2006,1,3,0.99,139,23.99,NC-17,1,0,0,1
190,Creepers Kane,Awe-Inspiring Reflection of a Squirrel And a Boat,2006,1,5,4.99,172,23.99,NC-17,1,0,1,0
191,Crooked Frogmen,Unbelieveable Drama of a Hunter And a Database,2006,1,6,0.99,143,27.99,PG-13,0,1,1,1
192,Crossing Divorce,Beautiful Documentary of a Dog And a Robot,2006,1,4,4.99,50,19.99,R,0,1,1,1
193,Crossroads Casualties,Intrepid Documentary of a Sumo Wrestler And a,2006,1,5,2.99,153,20.99,G,1,1,1,0
194,Crow Grease,Awe-Inspiring Documentary of a Woman And a Husband,2006,1,6,0.99,104,22.99,PG,1,1,1,0
195,Crowds Telemark,Intrepid Documentary of a Astronaut And a Forensic,2006,1,3,4.99,112,16.99,R,1,0,1,0
196,Cruelty Unforgiven,Brilliant Tale of a Car And a Moose,2006,1,7,0.99,69,29.99,G,0,0,1,1
197,Crusade Honey,Fast-Paced Reflection of a Explorer And a Butler,2006,1,4,2.99,112,27.99,R,0,1,0,0
198,Crystal Breaking,Fast-Paced Character Study of a Feminist And a,2006,1,6,2.99,184,22.99,NC-17,1,1,0,0
199,Cupboard Sinners,Emotional Reflection of a Frisbee And a Boat,2006,1,4,2.99,56,29.99,R,0,0,1,0
200,Curtain Videotape,Boring Reflection of a Dentist And a Mad,2006,1,7,0.99,133,27.99,PG-13,1,1,1,1
201,Cyclone Family,Lacklusture Drama of a Student And a Monkey,2006,1,7,2.99,176,18.99,PG,1,0,0,1
202,Daddy Pittsburgh,Epic Story of a A Shark And a,2006,1,5,4.99,161,26.99,G,0,0,1,1
203,Daisy Menagerie,Fast-Paced Saga of a Pastry Chef And a,2006,1,5,4.99,84,9.99,G,1,1,1,0
204,Dalmations Sweden,Emotional Epistle of a Moose And a Hunter,2006,1,4,0.99,106,25.99,PG,1,1,0,1
205,Dances None,Insightful Reflection of a A Shark And a,2006,1,3,0.99,58,22.99,NC-17,1,1,1,1
206,Dancing Fever,Stunning Story of a Explorer And a Forensic,2006,1,6,0.99,144,25.99,G,0,1,1,0
207,Dangerous Uptown,Unbelieveable Story of a Mad Scientist And a,2006,1,7,4.99,121,26.99,PG,0,1,0,0
208,Dares Pluto,Fateful Story of a Robot And a Dentist,2006,1,7,2.99,89,16.99,PG-13,0,1,1,0
209,Darkness War,Touching Documentary of a Husband And a Hunter,2006,1,6,2.99,99,24.99,NC-17,0,0,1,1
210,Darko Dorado,Stunning Reflection of a Frisbee And a Husband,2006,1,3,4.99,130,13.99,NC-17,1,1,1,1
211,Darling Breaking,Brilliant Documentary of a Astronaut And a Squirrel,2006,1,7,4.99,165,20.99,PG-13,0,1,1,0
212,Darn Forrester,Fateful Story of a A Shark And a,2006,1,7,4.99,185,14.99,G,0,0,0,1
213,Date Speed,Touching Saga of a Composer And a Moose,2006,1,4,0.99,104,19.99,R,0,1,0,0
214,Daughter Madigan,Beautiful Tale of a Hunter And a Mad,2006,1,3,4.99,59,13.99,PG-13,1,0,0,0
215,Dawn Pond,Thoughtful Documentary of a Dentist And a Forensic,2006,1,4,4.99,57,27.99,PG,1,0,1,1
216,Day Unfaithful,Stunning Documentary of a Composer And a Mad,2006,1,3,4.99,113,16.99,G,1,1,1,1
217,Dazed Punk,Action-Packed Story of a Pioneer And a Technical,2006,1,6,4.99,120,20.99,G,0,1,0,1
218,Deceiver Betrayed,Taut Story of a Moose And a Squirrel,2006,1,7,0.99,122,22.99,NC-17,1,1,1,1
219,Deep Crusade,Amazing Tale of a Crocodile And a Squirrel,2006,1,6,4.99,51,20.99,PG-13,0,1,1,0
220,Deer Virginian,Thoughtful Story of a Mad Cow And a,2006,1,7,2.99,106,13.99,NC-17,0,0,0,1
221,Deliverance Mulholland,Astounding Saga of a Monkey And a Moose,2006,1,4,0.99,100,9.99,R,0,0,0,1
222,Desert Poseidon,Brilliant Documentary of a Butler And a Frisbee,2006,1,4,4.99,64,27.99,R,1,0,1,0
223,Desire Alien,Fast-Paced Tale of a Dog And a Forensic,2006,1,7,2.99,76,24.99,NC-17,0,0,0,1
224,Desperate Trainspotting,Epic Yarn of a Forensic Psychologist And a,2006,1,7,4.99,81,29.99,G,0,0,0,1
225,Destination Jerk,Beautiful Yarn of a Teacher And a Cat,2006,1,3,0.99,76,19.99,PG-13,1,1,1,0
226,Destiny Saturday,Touching Drama of a Crocodile And a Crocodile,2006,1,4,4.99,56,20.99,G,1,1,1,0
227,Details Packer,Epic Saga of a Waitress And a Composer,2006,1,4,4.99,88,17.99,R,0,1,0,1
228,Detective Vision,Fanciful Documentary of a Pioneer And a Woman,2006,1,4,0.99,143,16.99,PG-13,1,1,1,0
229,Devil Desire,Beautiful Reflection of a Monkey And a Dentist,2006,1,6,4.99,87,12.99,R,1,0,1,0
230,Diary Panic,Thoughtful Character Study of a Frisbee And a,2006,1,7,2.99,107,20.99,G,0,1,1,0
231,Dinosaur Secretary,Action-Packed Drama of a Feminist And a Girl,2006,1,7,2.99,63,27.99,R,1,0,1,0
232,Dirty Ace,Action-Packed Character Study of a Forensic Psychologist And,2006,1,7,2.99,147,29.99,NC-17,0,1,1,1
233,Disciple Mother,Touching Reflection of a Mad Scientist And a,2006,1,3,0.99,141,17.99,PG,1,0,1,1
234,Disturbing Scarface,Lacklusture Display of a Crocodile And a Butler,2006,1,6,2.99,94,27.99,R,1,0,1,0
235,Divide Monster,Intrepid Saga of a Man And a Forensic,2006,1,6,2.99,68,13.99,PG-13,1,1,0,0
236,Divine Resurrection,Boring Character Study of a Man And a,2006,1,4,2.99,100,19.99,R,1,1,0,0
237,Divorce Shining,Unbelieveable Saga of a Crocodile And a Student,2006,1,3,2.99,47,21.99,G,1,1,0,1
238,Doctor Grail,Insightful Drama of a Womanizer And a Waitress,2006,1,4,2.99,57,29.99,G,1,1,1,0
239,Dogma Family,Brilliant Character Study of a Database Administrator And,2006,1,5,4.99,122,16.99,G,0,1,0,0
240,Dolls Rage,Thrilling Display of a Pioneer And a Frisbee,2006,1,7,2.99,120,10.99,PG-13,0,1,0,1
241,Donnie Alley,Awe-Inspiring Tale of a Butler And a Frisbee,2006,1,4,0.99,125,20.99,NC-17,1,1,1,0
242,Doom Dancing,Astounding Panorama of a Car And a Mad,2006,1,4,0.99,68,13.99,R,1,1,0,0
243,Doors President,Awe-Inspiring Display of a Squirrel And a Woman,2006,1,3,4.99,49,22.99,NC-17,1,1,1,1
244,Dorado Notting,Action-Packed Tale of a Sumo Wrestler And a,2006,1,5,4.99,139,26.99,NC-17,0,1,0,0
245,Double Wrath,Thoughtful Yarn of a Womanizer And a Dog,2006,1,4,0.99,177,28.99,R,1,0,1,1
246,Doubtfire Labyrinth,Intrepid Panorama of a Butler And a Composer,2006,1,5,4.99,154,16.99,R,0,0,1,1
247,Downhill Enough,Emotional Tale of a Pastry Chef And a,2006,1,3,0.99,47,19.99,G,1,1,0,1
248,Dozen Lion,Taut Drama of a Cat And a Girl,2006,1,6,4.99,177,20.99,NC-17,0,1,1,1
249,Dracula Crystal,Thrilling Reflection of a Feminist And a Cat,2006,1,7,0.99,176,26.99,G,0,1,0,0
250,Dragon Squad,Taut Reflection of a Boy And a Waitress,2006,1,4,0.99,170,26.99,NC-17,0,0,1,1
251,Dragonfly Strangers,Boring Documentary of a Pioneer And a Man,2006,1,6,4.99,133,19.99,NC-17,1,0,1,0
252,Dream Pickup,Epic Display of a Car And a Composer,2006,1,6,2.99,135,18.99,PG,1,1,1,0
253,Drifter Commandments,Epic Reflection of a Womanizer And a Squirrel,2006,1,5,4.99,61,18.99,PG-13,1,0,1,0
254,Driver Annie,Lacklusture Character Study of a Butler And a,2006,1,4,2.99,159,11.99,PG-13,1,0,1,1
255,Driving Polish,Action-Packed Yarn of a Feminist And a Technical,2006,1,6,4.99,175,21.99,NC-17,1,0,0,1
256,Drop Waterfront,Fanciful Documentary of a Husband And a Explorer,2006,1,6,4.99,178,20.99,R,1,1,0,0
257,Drumline Cyclone,Insightful Panorama of a Monkey And a Sumo,2006,1,3,0.99,110,14.99,G,0,1,1,1
258,Drums Dynamite,Epic Display of a Crocodile And a Crocodile,2006,1,6,0.99,96,11.99,PG,1,0,0,0
259,Duck Racer,Lacklusture Yarn of a Teacher And a Squirrel,2006,1,4,2.99,116,15.99,NC-17,0,0,1,0
260,Dude Blindness,Stunning Reflection of a Husband And a Lumberjack,2006,1,3,4.99,132,9.99,G,1,0,0,1
261,Duffel Apocalypse,Emotional Display of a Boat And a Explorer,2006,1,5,0.99,171,13.99,G,0,1,0,0
262,Dumbo Lust,Touching Display of a Feminist And a Dentist,2006,1,5,0.99,119,17.99,NC-17,0,0,1,0
263,Durham Panky,Brilliant Panorama of a Girl And a Boy,2006,1,6,4.99,154,14.99,R,1,1,0,0
264,Dwarfs Alter,Emotional Yarn of a Girl And a Dog,2006,1,6,2.99,101,13.99,G,0,1,0,1
265,Dying Maker,Intrepid Tale of a Boat And a Monkey,2006,1,5,4.99,168,28.99,PG,0,0,1,0
266,Dynamite Tarzan,Intrepid Documentary of a Forensic Psychologist And a,2006,1,4,0.99,141,27.99,PG-13,0,0,0,1
267,Eagles Panky,Thoughtful Story of a Car And a Boy,2006,1,4,4.99,140,14.99,NC-17,1,1,1,0
268,Early Home,Amazing Panorama of a Mad Scientist And a,2006,1,6,4.99,96,27.99,NC-17,1,1,1,0
269,Earring Instinct,Stunning Character Study of a Dentist And a,2006,1,3,0.99,98,22.99,R,0,0,1,0
270,Earth Vision,Stunning Drama of a Butler And a Madman,2006,1,7,0.99,85,29.99,NC-17,1,1,0,1
271,Easy Gladiator,Fateful Story of a Monkey And a Girl,2006,1,5,4.99,148,12.99,G,1,1,1,0
272,Edge Kissing,Beautiful Yarn of a Composer And a Mad,2006,1,5,4.99,153,9.99,NC-17,0,0,0,1
273,Effect Gladiator,Beautiful Display of a Pastry Chef And a,2006,1,6,0.99,107,14.99,PG,0,1,0,0
274,Egg Igby,Beautiful Documentary of a Boat And a Sumo,2006,1,4,2.99,67,20.99,PG,0,1,1,0
275,Egypt Tenenbaums,Intrepid Story of a Madman And a Secret,2006,1,3,0.99,85,11.99,PG,0,1,1,1
276,Element Freddy,Awe-Inspiring Reflection of a Waitress And a Squirrel,2006,1,6,4.99,115,28.99,NC-17,0,1,1,0
277,Elephant Trojan,Beautiful Panorama of a Lumberjack And a Forensic,2006,1,4,4.99,126,24.99,PG-13,0,0,1,0
278,Elf Murder,Action-Packed Story of a Frisbee And a Woman,2006,1,4,4.99,155,19.99,NC-17,1,1,1,0
279,Elizabeth Shane,Lacklusture Display of a Womanizer And a Dog,2006,1,7,4.99,152,11.99,NC-17,1,0,1,1
280,Empire Malkovich,Amazing Story of a Feminist And a Cat,2006,1,7,0.99,177,26.99,G,0,0,0,1
281,Encino Elf,Astounding Drama of a Feminist And a Teacher,2006,1,6,0.99,143,9.99,G,1,0,1,0
282,Encounters Curtain,Insightful Epistle of a Pastry Chef And a,2006,1,5,0.99,92,20.99,NC-17,1,0,0,0
283,Ending Crowds,Unbelieveable Display of a Dentist And a Madman,2006,1,6,0.99,85,10.99,NC-17,0,1,1,0
284,Enemy Odds,Fanciful Panorama of a Mad Scientist And a,2006,1,5,4.99,77,23.99,NC-17,1,0,0,0
285,English Bulworth,Intrepid Epistle of a Pastry Chef And a,2006,1,3,0.99,51,18.99,PG-13,0,0,0,1
286,Enough Raging,Astounding Character Study of a Boat And a,2006,1,7,2.99,158,16.99,NC-17,0,1,0,0
287,Entrapment Satisfaction,Thoughtful Panorama of a Hunter And a Teacher,2006,1,5,0.99,176,19.99,R,0,1,1,1
288,Escape Metropolis,Taut Yarn of a Astronaut And a Technical,2006,1,7,2.99,167,20.99,R,1,0,0,0
289,Eve Resurrection,Awe-Inspiring Yarn of a Pastry Chef And a,2006,1,5,4.99,66,25.99,G,1,1,0,1
290,Everyone Craft,Fateful Display of a Waitress And a Dentist,2006,1,4,0.99,163,29.99,PG,1,1,0,0
291,Evolution Alter,Fanciful Character Study of a Feminist And a,2006,1,5,0.99,174,10.99,PG-13,0,0,1,0
292,Excitement Eve,Brilliant Documentary of a Monkey And a Car,2006,1,3,0.99,51,20.99,G,0,1,0,0
293,Exorcist Sting,Touching Drama of a Dog And a Sumo,2006,1,6,2.99,167,17.99,G,0,1,1,1
294,Expecations Natural,Amazing Drama of a Butler And a Husband,2006,1,5,4.99,138,26.99,PG-13,0,0,0,1
295,Expendable Stallion,Amazing Character Study of a Mad Cow And,2006,1,3,0.99,97,14.99,PG,1,0,1,0
296,Express Lonely,Boring Drama of a Astronaut And a Boat,2006,1,5,2.99,178,23.99,R,1,0,0,0
297,Extraordinary Conquerer,Stunning Story of a Dog And a Feminist,2006,1,6,2.99,122,29.99,G,1,1,0,1
298,Eyes Driving,Thrilling Story of a Cat And a Waitress,2006,1,4,2.99,172,13.99,PG-13,1,1,0,0
299,Factory Dragon,Action-Packed Saga of a Teacher And a Frisbee,2006,1,4,0.99,144,9.99,PG-13,1,1,0,1
300,Falcon Volume,Fateful Saga of a Sumo Wrestler And a,2006,1,5,4.99,102,21.99,PG-13,0,1,1,0
301,Family Sweet,Epic Documentary of a Teacher And a Boy,2006,1,4,0.99,155,24.99,R,1,0,0,0
302,Fantasia Park,Thoughtful Documentary of a Mad Scientist And a,2006,1,5,2.99,131,29.99,G,0,1,0,0
303,Fantasy Troopers,Touching Saga of a Teacher And a Monkey,2006,1,6,0.99,58,27.99,PG-13,0,0,1,0
304,Fargo Gandhi,Thrilling Reflection of a Pastry Chef And a,2006,1,3,2.99,130,28.99,G,0,0,0,1
305,Fatal Haunted,Beautiful Drama of a Student And a Secret,2006,1,6,2.99,91,24.99,PG,1,0,1,0
306,Feathers Metal,Thoughtful Yarn of a Monkey And a Teacher,2006,1,3,0.99,104,12.99,PG-13,1,0,0,1
307,Fellowship Autumn,Lacklusture Reflection of a Dentist And a Hunter,2006,1,6,4.99,77,9.99,NC-17,0,0,1,1
308,Ferris Mother,Touching Display of a Frisbee And a Frisbee,2006,1,3,2.99,142,13.99,PG,1,0,1,1
309,Feud Frogmen,Brilliant Reflection of a Database Administrator And a,2006,1,6,0.99,98,29.99,R,1,1,1,1
310,Fever Empire,Insightful Panorama of a Cat And a Boat,2006,1,5,4.99,158,20.99,R,0,1,0,1
311,Fiction Christmas,Emotional Yarn of a A Shark And a,2006,1,4,0.99,72,14.99,PG,1,1,1,1
312,Fiddler Lost,Boring Tale of a Squirrel And a Dog,2006,1,4,4.99,75,20.99,R,0,0,1,1
313,Fidelity Devil,Awe-Inspiring Drama of a Technical Writer And a,2006,1,5,4.99,118,11.99,G,1,0,1,1
314,Fight Jawbreaker,Intrepid Panorama of a Womanizer And a Girl,2006,1,3,0.99,91,13.99,R,1,1,1,1
315,Finding Anaconda,Fateful Tale of a Database Administrator And a,2006,1,4,0.99,156,10.99,R,1,1,0,0
316,Fire Wolves,Intrepid Documentary of a Frisbee And a Dog,2006,1,5,4.99,173,18.99,R,1,0,0,0
317,Fireball Philadelphia,Amazing Yarn of a Dentist And a A,2006,1,4,0.99,148,25.99,PG,1,1,1,0
318,Firehouse Vietnam,Awe-Inspiring Character Study of a Boat And a,2006,1,7,0.99,103,14.99,G,0,1,0,1
319,Fish Opus,Touching Display of a Feminist And a Girl,2006,1,4,2.99,125,22.99,R,1,0,1,1
320,Flamingos Connecticut,Fast-Paced Reflection of a Composer And a Composer,2006,1,4,4.99,80,28.99,PG-13,1,0,0,0
321,Flash Wars,Astounding Saga of a Moose And a Pastry,2006,1,3,4.99,123,21.99,NC-17,1,1,1,0
322,Flatliners Killer,Taut Display of a Secret Agent And a,2006,1,5,2.99,100,29.99,G,1,1,0,1
323,Flight Lies,Stunning Character Study of a Crocodile And a,2006,1,7,4.99,179,22.99,R,1,0,0,0
324,Flintstones Happiness,Fateful Story of a Husband And a Moose,2006,1,3,4.99,148,11.99,PG-13,1,1,1,1
325,Floats Garden,Action-Packed Epistle of a Robot And a Car,2006,1,6,2.99,145,29.99,PG-13,1,1,1,0
326,Flying Hook,Thrilling Display of a Mad Cow And a,2006,1,6,2.99,69,18.99,NC-17,1,1,1,0
327,Fool Mockingbird,Lacklusture Tale of a Crocodile And a Composer,2006,1,3,4.99,158,24.99,PG,1,1,0,0
328,Forever Candidate,Unbelieveable Panorama of a Technical Writer And a,2006,1,7,2.99,131,28.99,NC-17,0,1,1,1
329,Forrest Sons,Thrilling Documentary of a Forensic Psychologist And a,2006,1,4,2.99,63,15.99,R,0,1,0,0
330,Forrester Comancheros,Fateful Tale of a Squirrel And a Forensic,2006,1,7,4.99,112,22.99,NC-17,1,0,1,0
331,Forward Temple,Astounding Display of a Forensic Psychologist And a,2006,1,6,2.99,90,25.99,NC-17,1,1,1,0
332,Frankenstein Stranger,Insightful Character Study of a Feminist And a,2006,1,7,0.99,159,16.99,NC-17,0,0,1,1
333,Freaky Pocus,Fast-Paced Documentary of a Pastry Chef And a,2006,1,7,2.99,126,16.99,R,1,0,1,0
334,Freddy Storm,Intrepid Saga of a Man And a Lumberjack,2006,1,6,4.99,65,21.99,NC-17,1,1,1,0
335,Freedom Cleopatra,Emotional Reflection of a Dentist And a Mad,2006,1,5,0.99,133,23.99,PG-13,1,1,1,0
336,French Holiday,Thrilling Epistle of a Dog And a Feminist,2006,1,5,4.99,99,22.99,PG,0,0,1,0
337,Frida Slipper,Fateful Story of a Lumberjack And a Car,2006,1,6,2.99,73,11.99,R,1,0,0,1
338,Frisco Forrest,Beautiful Documentary of a Woman And a Pioneer,2006,1,6,4.99,51,23.99,PG,0,1,1,1
339,Frogmen Breaking,Unbelieveable Yarn of a Mad Scientist And a,2006,1,5,0.99,111,17.99,R,1,0,1,1
340,Frontier Cabin,Emotional Story of a Madman And a Waitress,2006,1,6,4.99,183,14.99,PG-13,0,1,0,1
341,Frost Head,Amazing Reflection of a Lumberjack And a Cat,2006,1,5,0.99,82,13.99,PG,1,0,0,1
342,Fugitive Maguire,Taut Epistle of a Feminist And a Sumo,2006,1,7,4.99,83,28.99,R,1,1,0,1
343,Full Flatliners,Beautiful Documentary of a Astronaut And a Moose,2006,1,6,2.99,94,14.99,PG,1,0,0,1
344,Fury Murder,Lacklusture Reflection of a Boat And a Forensic,2006,1,3,0.99,178,28.99,PG-13,0,0,0,1
345,Gables Metropolis,Fateful Display of a Cat And a Pioneer,2006,1,3,0.99,161,17.99,PG,1,1,0,0
346,Galaxy Sweethearts,Emotional Reflection of a Womanizer And a Pioneer,2006,1,4,4.99,128,13.99,R,0,0,0,1
347,Games Bowfinger,Astounding Documentary of a Butler And a Explorer,2006,1,7,4.99,119,17.99,PG-13,0,0,1,0
348,Gandhi Kwai,Thoughtful Display of a Mad Scientist And a,2006,1,7,0.99,86,9.99,PG-13,1,0,0,0
349,Gangs Pride,Taut Character Study of a Woman And a,2006,1,4,2.99,185,27.99,PG-13,0,0,1,0
350,Garden Island,Unbelieveable Character Study of a Womanizer And a,2006,1,3,4.99,80,21.99,G,1,0,1,0
351,Gaslight Crusade,Amazing Epistle of a Boy And a Astronaut,2006,1,4,2.99,106,10.99,PG,1,0,0,1
352,Gathering Calendar,Intrepid Tale of a Pioneer And a Moose,2006,1,4,0.99,176,22.99,PG-13,0,1,1,0
353,Gentlemen Stage,Awe-Inspiring Reflection of a Monkey And a Student,2006,1,6,2.99,125,22.99,NC-17,0,1,0,1
354,Ghost Groundhog,Brilliant Panorama of a Madman And a Composer,2006,1,6,4.99,85,18.99,G,1,1,1,1
355,Ghostbusters Elf,Thoughtful Epistle of a Dog And a Feminist,2006,1,7,0.99,101,18.99,R,1,0,1,1
356,Giant Troopers,Fateful Display of a Feminist And a Monkey,2006,1,5,2.99,102,10.99,R,1,1,0,0
357,Gilbert Pelican,Fateful Tale of a Man And a Feminist,2006,1,7,0.99,114,13.99,G,1,1,0,0
358,Gilmore Boiled,Unbelieveable Documentary of a Boat And a Husband,2006,1,5,0.99,163,29.99,R,1,0,1,0
359,Gladiator Westward,Astounding Reflection of a Squirrel And a Sumo,2006,1,6,4.99,173,20.99,PG,0,1,0,1
360,Glass Dying,Astounding Drama of a Frisbee And a Astronaut,2006,1,4,0.99,103,24.99,G,1,0,0,0
361,Gleaming Jawbreaker,Amazing Display of a Composer And a Forensic,2006,1,5,2.99,89,25.99,NC-17,1,1,0,0
362,Glory Tracy,Amazing Saga of a Woman And a Womanizer,2006,1,7,2.99,115,13.99,PG-13,1,1,1,0
363,Go Purple,Fast-Paced Display of a Car And a Database,2006,1,3,0.99,54,12.99,R,1,0,0,0
364,Godfather Diary,Stunning Saga of a Lumberjack And a Squirrel,2006,1,3,2.99,73,14.99,NC-17,1,0,0,0
365,Gold River,Taut Documentary of a Database Administrator And a,2006,1,4,4.99,154,21.99,R,1,1,1,1
366,Goldfinger Sensibility,Insightful Drama of a Mad Scientist And a,2006,1,3,0.99,93,29.99,G,1,1,1,0
367,Goldmine Tycoon,Brilliant Epistle of a Composer And a Frisbee,2006,1,6,0.99,153,20.99,R,1,0,1,0
368,Gone Trouble,Insightful Character Study of a Mad Cow And,2006,1,7,2.99,84,20.99,R,0,0,1,1
369,Goodfellas Salute,Unbelieveable Tale of a Dog And a Explorer,2006,1,4,4.99,56,22.99,PG,0,0,0,1
370,Gorgeous Bingo,Action-Packed Display of a Sumo Wrestler And a,2006,1,4,2.99,108,26.99,R,0,0,1,1
371,Gosford Donnie,Epic Panorama of a Mad Scientist And a,2006,1,5,4.99,129,17.99,G,0,1,0,0
372,Graceland Dynamite,Taut Display of a Cat And a Girl,2006,1,5,4.99,140,26.99,R,1,1,0,0
373,Graduate Lord,Lacklusture Epistle of a Girl And a A,2006,1,7,2.99,156,14.99,G,1,0,1,0
374,Graffiti Love,Unbelieveable Epistle of a Sumo Wrestler And a,2006,1,3,0.99,117,29.99,PG,1,0,0,1
375,Grail Frankenstein,Unbelieveable Saga of a Teacher And a Monkey,2006,1,4,2.99,85,17.99,NC-17,0,1,1,1
376,Grapes Fury,Boring Yarn of a Mad Cow And a,2006,1,4,0.99,155,20.99,G,0,1,1,0
377,Grease Youth,Emotional Panorama of a Secret Agent And a,2006,1,7,0.99,135,20.99,G,1,0,0,1
378,Greatest North,Astounding Character Study of a Secret Agent And,2006,1,5,2.99,93,24.99,NC-17,1,1,1,0
379,Greedy Roots,Amazing Reflection of a A Shark And a,2006,1,7,0.99,166,14.99,R,1,1,0,1
380,Greek Everyone,Stunning Display of a Butler And a Teacher,2006,1,7,2.99,176,11.99,PG,1,0,0,1
381,Grinch Massage,Intrepid Display of a Madman And a Feminist,2006,1,7,4.99,150,25.99,R,1,0,0,0
382,Grit Clockwork,Thoughtful Display of a Dentist And a Squirrel,2006,1,3,0.99,137,21.99,PG,1,0,0,1
383,Groove Fiction,Unbelieveable Reflection of a Moose And a A,2006,1,6,0.99,111,13.99,NC-17,0,0,1,0
384,Grosse Wonderful,Epic Drama of a Cat And a Explorer,2006,1,5,4.99,49,19.99,R,0,0,1,0
385,Groundhog Uncut,Brilliant Panorama of a Astronaut And a Technical,2006,1,6,4.99,139,26.99,PG-13,1,1,1,1
386,Gump Date,Intrepid Yarn of a Explorer And a Student,2006,1,3,4.99,53,12.99,NC-17,0,0,0,1
387,Gun Bonnie,Boring Display of a Sumo Wrestler And a,2006,1,7,0.99,100,27.99,G,0,0,1,0
388,Gunfight Moon,Epic Reflection of a Pastry Chef And a,2006,1,5,0.99,70,16.99,NC-17,0,0,1,1
389,Gunfighter Mussolini,Touching Saga of a Robot And a Boy,2006,1,3,2.99,127,9.99,PG-13,1,1,0,0
390,Guys Falcon,Boring Story of a Woman And a Feminist,2006,1,4,4.99,84,20.99,R,1,1,1,0
391,Half Outfield,Epic Epistle of a Database Administrator And a,2006,1,6,2.99,146,25.99,PG-13,1,1,1,1
392,Hall Cassidy,Beautiful Panorama of a Pastry Chef And a,2006,1,5,4.99,51,13.99,NC-17,0,1,1,0
393,Halloween Nuts,Amazing Panorama of a Forensic Psychologist And a,2006,1,6,2.99,47,19.99,PG-13,0,0,0,1
394,Hamlet Wisdom,Touching Reflection of a Man And a Man,2006,1,7,2.99,146,21.99,R,1,0,0,1
395,Handicap Boondock,Beautiful Display of a Pioneer And a Squirrel,2006,1,4,0.99,108,28.99,R,0,1,1,1
396,Hanging Deep,Action-Packed Yarn of a Boat And a Crocodile,2006,1,5,4.99,62,18.99,G,1,1,0,1
397,Hanky October,Boring Epistle of a Database Administrator And a,2006,1,5,2.99,107,26.99,NC-17,1,1,0,1
398,Hanover Galaxy,Stunning Reflection of a Girl And a Secret,2006,1,5,4.99,47,21.99,NC-17,0,1,1,1
399,Happiness United,Action-Packed Panorama of a Husband And a Feminist,2006,1,6,2.99,100,23.99,G,0,0,0,1
400,Hardly Robbers,Emotional Character Study of a Hunter And a,2006,1,7,2.99,72,15.99,R,1,0,1,0
401,Harold French,Stunning Saga of a Sumo Wrestler And a,2006,1,6,0.99,168,10.99,NC-17,0,1,1,1
402,Harper Dying,Awe-Inspiring Reflection of a Woman And a Cat,2006,1,3,0.99,52,15.99,G,1,0,0,0
403,Harry Idaho,Taut Yarn of a Technical Writer And a,2006,1,5,4.99,121,18.99,PG-13,0,1,0,1
404,Hate Handicap,Intrepid Reflection of a Mad Scientist And a,2006,1,4,0.99,107,26.99,PG,1,1,1,0
405,Haunted Antitrust,Amazing Saga of a Man And a Dentist,2006,1,6,4.99,76,13.99,NC-17,1,0,0,1
406,Haunting Pianist,Fast-Paced Story of a Database Administrator And a,2006,1,5,0.99,181,22.99,R,0,0,1,0
407,Hawk Chill,Action-Packed Drama of a Mad Scientist And a,2006,1,5,0.99,47,12.99,PG-13,0,0,1,0
408,Head Stranger,Thoughtful Saga of a Hunter And a Crocodile,2006,1,4,4.99,69,28.99,R,1,1,0,0
409,Heartbreakers Bright,Awe-Inspiring Documentary of a A Shark And a,2006,1,3,4.99,59,9.99,G,1,0,0,1
410,Heaven Freedom,Intrepid Story of a Butler And a Car,2006,1,7,2.99,48,19.99,PG,0,1,0,0
411,Heavenly Gun,Beautiful Yarn of a Forensic Psychologist And a,2006,1,5,4.99,49,13.99,NC-17,0,0,1,0
412,Heavyweights Beast,Unbelieveable Story of a Composer And a Dog,2006,1,6,4.99,102,25.99,G,0,0,0,1
413,Hedwig Alter,Action-Packed Yarn of a Womanizer And a Lumberjack,2006,1,7,2.99,169,16.99,NC-17,1,1,1,0
414,Hellfighters Sierra,Taut Reflection of a A Shark And a,2006,1,3,2.99,75,23.99,PG,0,0,1,1
415,High Encino,Fateful Saga of a Waitress And a Hunter,2006,1,3,2.99,84,23.99,R,1,1,1,0
416,Highball Potter,Action-Packed Saga of a Husband And a Dog,2006,1,6,0.99,110,10.99,R,0,0,0,1
417,Hills Neighbors,Epic Display of a Hunter And a Feminist,2006,1,5,0.99,93,29.99,G,1,1,1,1
418,Hobbit Alien,Emotional Drama of a Husband And a Girl,2006,1,5,0.99,157,27.99,PG-13,0,1,0,0
419,Hocus Frida,Awe-Inspiring Tale of a Girl And a Madman,2006,1,4,2.99,141,19.99,G,1,0,1,1
420,Holes Brannigan,Fast-Paced Reflection of a Technical Writer And a,2006,1,7,4.99,128,27.99,PG,0,1,1,0
421,Holiday Games,Insightful Reflection of a Waitress And a Madman,2006,1,7,4.99,78,10.99,PG-13,1,1,1,0
422,Hollow Jeopardy,Beautiful Character Study of a Robot And a,2006,1,7,4.99,136,25.99,NC-17,0,0,1,0
423,Hollywood Anonymous,Fast-Paced Epistle of a Boy And a Explorer,2006,1,7,0.99,69,29.99,PG,1,0,1,0
424,Holocaust Highball,Awe-Inspiring Yarn of a Composer And a Man,2006,1,6,0.99,149,12.99,R,0,0,0,1
425,Holy Tadpole,Action-Packed Display of a Feminist And a Pioneer,2006,1,6,0.99,88,20.99,R,0,0,1,0
426,Home Pity,Touching Panorama of a Man And a Secret,2006,1,7,4.99,185,15.99,R,1,1,1,0
427,Homeward Cider,Taut Reflection of a Astronaut And a Squirrel,2006,1,5,0.99,103,19.99,R,1,0,0,0
428,Homicide Peach,Astounding Documentary of a Hunter And a Boy,2006,1,6,2.99,141,21.99,PG-13,0,1,0,0
429,Honey Ties,Taut Story of a Waitress And a Crocodile,2006,1,3,0.99,84,29.99,R,1,1,0,1
430,Hook Chariots,Insightful Story of a Boy And a Dog,2006,1,7,0.99,49,23.99,G,1,1,1,0
431,Hoosiers Birdcage,Astounding Display of a Explorer And a Boat,2006,1,3,2.99,176,12.99,G,1,1,0,1
432,Hope Tootsie,Amazing Documentary of a Student And a Sumo,2006,1,4,2.99,139,22.99,NC-17,1,0,1,1
433,Horn Working,Stunning Display of a Mad Scientist And a,2006,1,4,2.99,95,23.99,PG,1,0,0,0
434,Horror Reign,Touching Documentary of a A Shark And a,2006,1,3,0.99,139,25.99,R,0,0,1,1
435,Hotel Happiness,Thrilling Yarn of a Pastry Chef And a,2006,1,6,4.99,181,28.99,PG-13,0,0,1,0
436,Hours Rage,Fateful Story of a Explorer And a Feminist,2006,1,4,0.99,122,14.99,NC-17,1,0,0,1
437,House Dynamite,Taut Story of a Pioneer And a Squirrel,2006,1,7,2.99,109,13.99,R,0,1,1,1
438,Human Graffiti,Beautiful Reflection of a Womanizer And a Sumo,2006,1,3,2.99,68,22.99,NC-17,1,0,1,0
439,Hunchback Impossible,Touching Yarn of a Frisbee And a Dentist,2006,1,4,4.99,151,28.99,PG-13,1,0,0,1
440,Hunger Roof,Unbelieveable Yarn of a Student And a Database,2006,1,6,0.99,105,21.99,G,0,0,1,1
441,Hunter Alter,Emotional Drama of a Mad Cow And a,2006,1,5,2.99,125,21.99,PG-13,0,1,1,1
442,Hunting Musketeers,Thrilling Reflection of a Pioneer And a Dentist,2006,1,6,2.99,65,24.99,NC-17,1,0,0,1
443,Hurricane Affair,Lacklusture Epistle of a Database Administrator And a,2006,1,6,2.99,49,11.99,PG,1,1,1,0
444,Hustler Party,Emotional Reflection of a Sumo Wrestler And a,2006,1,3,4.99,83,22.99,NC-17,1,1,1,0
445,Hyde Doctor,Fanciful Documentary of a Boy And a Woman,2006,1,5,2.99,100,11.99,G,1,0,0,1
446,Hysterical Grail,Amazing Saga of a Madman And a Dentist,2006,1,5,4.99,150,19.99,PG,1,1,0,1
447,Ice Crossing,Fast-Paced Tale of a Butler And a Moose,2006,1,5,2.99,131,28.99,R,0,0,0,1
448,Idaho Love,Fast-Paced Drama of a Student And a Crocodile,2006,1,3,2.99,172,25.99,PG-13,1,1,1,1
449,Identity Lover,Boring Tale of a Composer And a Mad,2006,1,4,2.99,119,12.99,PG-13,0,0,0,1
450,Idols Snatchers,Insightful Drama of a Car And a Composer,2006,1,5,2.99,84,29.99,NC-17,1,0,0,0
451,Igby Maker,Epic Documentary of a Hunter And a Dog,2006,1,7,4.99,160,12.99,NC-17,1,0,1,0
452,Illusion Amelie,Emotional Epistle of a Boat And a Mad,2006,1,4,0.99,122,15.99,R,0,1,1,0
453,Image Princess,Lacklusture Panorama of a Secret Agent And a,2006,1,3,2.99,178,17.99,PG-13,1,1,0,1
454,Impact Aladdin,Epic Character Study of a Frisbee And a,2006,1,6,0.99,180,20.99,PG-13,1,0,0,1
455,Impossible Prejudice,Awe-Inspiring Yarn of a Monkey And a Hunter,2006,1,7,4.99,103,11.99,NC-17,0,0,0,1
456,Inch Jet,Fateful Saga of a Womanizer And a Student,2006,1,6,4.99,167,18.99,NC-17,0,0,0,1
457,Independence Hotel,Thrilling Tale of a Technical Writer And a,2006,1,5,0.99,157,21.99,NC-17,1,0,1,0
458,Indian Love,Insightful Saga of a Mad Scientist And a,2006,1,4,0.99,135,26.99,NC-17,1,1,1,1
459,Informer Double,Action-Packed Display of a Woman And a Dentist,2006,1,4,4.99,74,23.99,NC-17,1,1,0,0
460,Innocent Usual,Beautiful Drama of a Pioneer And a Crocodile,2006,1,3,4.99,178,26.99,PG-13,1,0,1,1
461,Insects Stone,Epic Display of a Butler And a Dog,2006,1,3,0.99,123,14.99,NC-17,1,1,1,0
462,Insider Arizona,Astounding Saga of a Mad Scientist And a,2006,1,5,2.99,78,17.99,NC-17,0,1,0,0
463,Instinct Airport,Touching Documentary of a Mad Cow And a,2006,1,4,2.99,116,21.99,PG,0,1,0,1
464,Intentions Empire,Astounding Epistle of a Cat And a Cat,2006,1,3,2.99,107,13.99,PG-13,1,0,1,0
465,Interview Liaisons,Action-Packed Reflection of a Student And a Butler,2006,1,4,4.99,59,17.99,R,0,1,1,0
466,Intolerable Intentions,Awe-Inspiring Story of a Monkey And a Pastry,2006,1,6,4.99,63,20.99,PG-13,0,1,1,0
467,Intrigue Worst,Fanciful Character Study of a Explorer And a,2006,1,6,0.99,181,10.99,G,0,0,0,1
468,Invasion Cyclone,Lacklusture Character Study of a Mad Scientist And,2006,1,5,2.99,97,12.99,PG,1,0,0,1
469,Iron Moon,Fast-Paced Documentary of a Mad Cow And a,2006,1,7,4.99,46,27.99,PG,0,1,1,0
470,Ishtar Rocketeer,Astounding Saga of a Dog And a Squirrel,2006,1,4,4.99,79,24.99,R,1,1,0,1
471,Island Exorcist,Fanciful Panorama of a Technical Writer And a,2006,1,7,2.99,84,23.99,NC-17,1,1,0,0
472,Italian African,Astounding Character Study of a Monkey And a,2006,1,3,4.99,174,24.99,G,1,1,0,1
473,Jacket Frisco,Insightful Reflection of a Womanizer And a Husband,2006,1,5,2.99,181,16.99,PG-13,1,0,1,1
474,Jade Bunch,Insightful Panorama of a Squirrel And a Mad,2006,1,6,2.99,174,21.99,NC-17,1,1,1,0
475,Japanese Run,Awe-Inspiring Epistle of a Feminist And a Girl,2006,1,6,0.99,135,29.99,G,0,0,0,1
476,Jason Trap,Thoughtful Tale of a Woman And a A,2006,1,5,2.99,130,9.99,NC-17,1,0,1,1
477,Jawbreaker Brooklyn,Stunning Reflection of a Boat And a Pastry,2006,1,5,0.99,118,15.99,PG,1,0,1,0
478,Jaws Harry,Thrilling Display of a Database Administrator And a,2006,1,4,2.99,112,10.99,G,0,0,0,1
479,Jedi Beneath,Astounding Reflection of a Explorer And a Dentist,2006,1,7,0.99,128,12.99,PG,1,1,0,1
480,Jeepers Wedding,Astounding Display of a Composer And a Dog,2006,1,3,2.99,84,29.99,R,1,1,0,1
481,Jekyll Frogmen,Fanciful Epistle of a Student And a Astronaut,2006,1,4,2.99,58,22.99,PG,0,1,1,1
482,Jeopardy Encino,Boring Panorama of a Man And a Mad,2006,1,3,0.99,102,12.99,R,1,1,0,0
483,Jericho Mulan,Amazing Yarn of a Hunter And a Butler,2006,1,3,2.99,171,29.99,NC-17,0,1,0,0
484,Jerk Paycheck,Touching Character Study of a Pastry Chef And,2006,1,3,2.99,172,13.99,NC-17,1,1,1,1
485,Jersey Sassy,Lacklusture Documentary of a Madman And a Mad,2006,1,6,4.99,60,16.99,PG,0,0,1,1
486,Jet Neighbors,Amazing Display of a Lumberjack And a Teacher,2006,1,7,4.99,59,14.99,R,1,1,1,0
487,Jingle Sagebrush,Epic Character Study of a Feminist And a,2006,1,6,4.99,124,29.99,PG-13,1,1,0,0
488,Joon Northwest,Thrilling Panorama of a Technical Writer And a,2006,1,3,0.99,105,23.99,NC-17,1,1,1,0
489,Juggler Hardly,Epic Story of a Mad Cow And a,2006,1,4,0.99,54,14.99,PG-13,1,1,0,0
490,Jumanji Blade,Intrepid Yarn of a Husband And a Womanizer,2006,1,4,2.99,121,13.99,G,0,1,1,0
491,Jumping Wrath,Touching Epistle of a Monkey And a Feminist,2006,1,4,0.99,74,18.99,NC-17,0,1,1,0
492,Jungle Closer,Boring Character Study of a Boy And a,2006,1,6,0.99,134,11.99,NC-17,1,1,0,1
493,Kane Exorcist,Epic Documentary of a Composer And a Robot,2006,1,5,0.99,92,18.99,R,1,1,0,0
494,Karate Moon,Astounding Yarn of a Womanizer And a Dog,2006,1,4,0.99,120,21.99,PG-13,0,0,1,0
495,Kentuckian Giant,Stunning Yarn of a Woman And a Frisbee,2006,1,5,2.99,169,10.99,PG,1,1,1,1
496,Kick Savannah,Emotional Drama of a Monkey And a Robot,2006,1,3,0.99,179,10.99,PG-13,1,1,0,1
497,Kill Brotherhood,Touching Display of a Hunter And a Secret,2006,1,4,0.99,54,15.99,G,1,1,0,0
498,Killer Innocent,Fanciful Character Study of a Student And a,2006,1,7,2.99,161,11.99,R,1,1,0,1
499,King Evolution,Action-Packed Tale of a Boy And a Lumberjack,2006,1,3,4.99,184,24.99,NC-17,1,0,1,1
500,Kiss Glory,Lacklusture Reflection of a Girl And a Husband,2006,1,5,4.99,163,11.99,PG-13,1,1,1,0
501,Kissing Dolls,Insightful Reflection of a Pioneer And a Teacher,2006,1,3,4.99,141,9.99,R,1,0,0,0
502,Knock Warlock,Unbelieveable Story of a Teacher And a Boat,2006,1,4,2.99,71,21.99,PG-13,1,0,0,0
503,Kramer Chocolate,Amazing Yarn of a Robot And a Pastry,2006,1,3,2.99,171,24.99,R,1,0,0,0
504,Kwai Homeward,Amazing Drama of a Car And a Squirrel,2006,1,5,0.99,46,25.99,PG-13,1,1,0,0
505,Labyrinth League,Awe-Inspiring Saga of a Composer And a Frisbee,2006,1,6,2.99,46,24.99,PG-13,0,1,1,0
506,Lady Stage,Beautiful Character Study of a Woman And a,2006,1,4,4.99,67,14.99,PG,1,0,1,1
507,Ladybugs Armageddon,Fateful Reflection of a Dog And a Mad,2006,1,4,0.99,113,13.99,NC-17,0,0,0,1
508,Lambs Cincinatti,Insightful Story of a Man And a Feminist,2006,1,6,4.99,144,18.99,PG-13,1,0,1,0
509,Language Cowboy,Epic Yarn of a Cat And a Madman,2006,1,5,0.99,78,26.99,NC-17,1,0,0,1
510,Lawless Vision,Insightful Yarn of a Boy And a Sumo,2006,1,6,4.99,181,29.99,G,0,0,1,1
511,Lawrence Love,Fanciful Yarn of a Database Administrator And a,2006,1,7,0.99,175,23.99,NC-17,0,1,1,1
512,League Hellfighters,Thoughtful Saga of a A Shark And a,2006,1,5,4.99,110,25.99,PG-13,1,0,0,0
513,Leathernecks Dwarfs,Fateful Reflection of a Dog And a Mad,2006,1,6,2.99,153,21.99,PG-13,1,1,1,0
514,Lebowski Soldiers,Beautiful Epistle of a Secret Agent And a,2006,1,6,2.99,69,17.99,PG-13,0,1,0,1
515,Legally Secretary,Astounding Tale of a A Shark And a,2006,1,7,4.99,113,14.99,PG,1,1,1,0
516,Legend Jedi,Awe-Inspiring Epistle of a Pioneer And a Student,2006,1,7,0.99,59,18.99,PG,0,1,0,1
517,Lesson Cleopatra,Emotional Display of a Man And a Explorer,2006,1,3,0.99,167,28.99,NC-17,0,0,1,1
518,Liaisons Sweet,Boring Drama of a A Shark And a,2006,1,5,4.99,140,15.99,PG,0,1,1,0
519,Liberty Magnificent,Boring Drama of a Student And a Cat,2006,1,3,2.99,138,27.99,G,0,1,1,1
520,License Weekend,Insightful Story of a Man And a Husband,2006,1,7,2.99,91,28.99,NC-17,0,0,1,1
521,Lies Treatment,Fast-Paced Character Study of a Dentist And a,2006,1,7,4.99,147,28.99,NC-17,0,1,1,1
522,Life Twisted,Thrilling Reflection of a Teacher And a Composer,2006,1,4,2.99,137,9.99,NC-17,0,1,0,1
523,Lights Deer,Unbelieveable Epistle of a Dog And a Woman,2006,1,7,0.99,174,21.99,R,0,1,0,0
524,Lion Uncut,Intrepid Display of a Pastry Chef And a,2006,1,6,0.99,50,13.99,PG,1,0,0,1
525,Loathing Legally,Boring Epistle of a Pioneer And a Mad,2006,1,4,0.99,140,29.99,R,0,0,0,1
526,Lock Rear,Thoughtful Character Study of a Squirrel And a,2006,1,7,2.99,120,10.99,R,1,1,0,0
527,Lola Agent,Astounding Tale of a Mad Scientist And a,2006,1,4,4.99,85,24.99,PG,1,1,0,0
528,Lolita World,Thrilling Drama of a Girl And a Robot,2006,1,4,2.99,155,25.99,NC-17,1,0,0,1
529,Lonely Elephant,Intrepid Story of a Student And a Dog,2006,1,3,2.99,67,12.99,G,1,1,1,1
530,Lord Arizona,Action-Packed Display of a Frisbee And a Pastry,2006,1,5,2.99,108,27.99,PG-13,1,0,0,0
531,Lose Inch,Stunning Reflection of a Student And a Technical,2006,1,3,0.99,137,18.99,R,1,1,0,0
532,Loser Hustler,Stunning Drama of a Robot And a Feminist,2006,1,5,4.99,80,28.99,PG,0,0,1,1
533,Lost Bird,Emotional Character Study of a Robot And a,2006,1,4,2.99,98,21.99,PG-13,0,0,0,1
534,Louisiana Harry,Lacklusture Drama of a Girl And a Technical,2006,1,5,0.99,70,18.99,PG-13,1,0,0,0
535,Love Suicides,Brilliant Panorama of a Hunter And a Explorer,2006,1,6,0.99,181,21.99,R,1,0,1,0
536,Lovely Jingle,Fanciful Yarn of a Crocodile And a Forensic,2006,1,3,2.99,65,18.99,PG,1,0,1,0
537,Lover Truman,Emotional Yarn of a Robot And a Boy,2006,1,3,2.99,75,29.99,G,1,0,0,0
538,Loverboy Attacks,Boring Story of a Car And a Butler,2006,1,7,0.99,162,19.99,PG-13,1,0,1,0
539,Luck Opus,Boring Display of a Moose And a Squirrel,2006,1,7,2.99,152,21.99,NC-17,1,1,1,0
540,Lucky Flying,Lacklusture Character Study of a A Shark And,2006,1,7,2.99,97,10.99,PG-13,1,1,1,0
541,Luke Mummy,Taut Character Study of a Boy And a,2006,1,5,2.99,74,21.99,NC-17,1,0,1,0
542,Lust Lock,Fanciful Panorama of a Hunter And a Dentist,2006,1,3,2.99,52,28.99,G,1,1,1,0
543,Madigan Dorado,Astounding Character Study of a A Shark And,2006,1,5,4.99,116,20.99,R,0,0,1,1
544,Madison Trap,Awe-Inspiring Reflection of a Monkey And a Dentist,2006,1,4,2.99,147,11.99,R,0,1,1,1
545,Madness Attacks,Fanciful Tale of a Squirrel And a Boat,2006,1,4,0.99,178,14.99,PG-13,1,0,0,0
546,Madre Gables,Intrepid Panorama of a Sumo Wrestler And a,2006,1,7,2.99,98,27.99,PG-13,1,1,0,1
547,Magic Mallrats,Touching Documentary of a Pastry Chef And a,2006,1,3,0.99,117,19.99,PG,1,1,0,0
548,Magnificent Chitty,Insightful Story of a Teacher And a Hunter,2006,1,3,2.99,53,27.99,R,0,1,0,1
549,Magnolia Forrester,Thoughtful Documentary of a Composer And a Explorer,2006,1,4,0.99,171,28.99,PG-13,1,1,0,1
550,Maguire Apache,Fast-Paced Reflection of a Waitress And a Hunter,2006,1,6,2.99,74,22.99,NC-17,1,1,0,0
551,Maiden Home,Lacklusture Saga of a Moose And a Teacher,2006,1,3,4.99,138,9.99,PG,0,0,1,0
552,Majestic Floats,Thrilling Character Study of a Moose And a,2006,1,5,0.99,130,15.99,PG,1,0,0,0
553,Maker Gables,Stunning Display of a Moose And a Database,2006,1,4,0.99,136,12.99,PG-13,0,0,1,1
554,Malkovich Pet,Intrepid Reflection of a Waitress And a A,2006,1,6,2.99,159,22.99,G,0,0,1,0
555,Mallrats United,Thrilling Yarn of a Waitress And a Dentist,2006,1,4,0.99,133,25.99,PG,1,1,0,1
556,Maltese Hope,Fast-Paced Documentary of a Crocodile And a Sumo,2006,1,6,4.99,127,26.99,PG-13,0,0,1,0
557,Manchurian Curtain,Stunning Tale of a Mad Cow And a,2006,1,5,2.99,177,27.99,PG,1,1,0,0
558,Mannequin Worst,Astounding Saga of a Mad Cow And a,2006,1,3,2.99,71,18.99,PG-13,1,1,0,1
559,Married Go,Fanciful Story of a Womanizer And a Dog,2006,1,7,2.99,114,22.99,G,0,0,1,0
560,Mars Roman,Boring Drama of a Car And a Dog,2006,1,6,0.99,62,21.99,NC-17,0,1,0,1
561,Mask Peach,Boring Character Study of a Student And a,2006,1,6,2.99,123,26.99,NC-17,0,1,0,1
562,Masked Bubble,Fanciful Documentary of a Pioneer And a Boat,2006,1,6,0.99,151,12.99,PG-13,0,1,1,0
563,Massacre Usual,Fateful Reflection of a Waitress And a Crocodile,2006,1,6,4.99,165,16.99,R,0,1,0,0
564,Massage Image,Fateful Drama of a Frisbee And a Crocodile,2006,1,4,2.99,161,11.99,PG,0,1,1,0
565,Matrix Snowman,Action-Packed Saga of a Womanizer And a Woman,2006,1,6,4.99,56,9.99,PG-13,0,1,1,1
566,Maude Mod,Beautiful Documentary of a Forensic Psychologist And a,2006,1,6,0.99,72,20.99,R,1,0,1,0
567,Meet Chocolate,Boring Documentary of a Dentist And a Butler,2006,1,3,2.99,80,26.99,G,1,0,0,0
568,Memento Zoolander,Touching Epistle of a Squirrel And a Explorer,2006,1,4,4.99,77,11.99,NC-17,0,0,1,0
569,Menagerie Rushmore,Unbelieveable Panorama of a Composer And a Butler,2006,1,7,2.99,147,18.99,G,1,1,0,1
570,Mermaid Insects,Lacklusture Drama of a Waitress And a Husband,2006,1,5,4.99,104,20.99,NC-17,1,0,1,0
571,Metal Armageddon,Thrilling Display of a Lumberjack And a Crocodile,2006,1,6,2.99,161,26.99,PG-13,1,1,0,1
572,Metropolis Coma,Emotional Saga of a Database Administrator And a,2006,1,4,2.99,64,9.99,PG-13,1,1,1,0
573,Microcosmos Paradise,Touching Character Study of a Boat And a,2006,1,6,2.99,105,22.99,PG-13,0,1,0,0
574,Midnight Westward,Taut Reflection of a Husband And a A,2006,1,3,0.99,86,19.99,G,1,0,0,1
575,Midsummer Groundhog,Fateful Panorama of a Moose And a Dog,2006,1,3,4.99,48,27.99,G,1,0,0,1
576,Mighty Luck,Astounding Epistle of a Mad Scientist And a,2006,1,7,2.99,122,13.99,PG,0,0,1,0
577,Mile Mulan,Lacklusture Epistle of a Cat And a Husband,2006,1,4,0.99,64,10.99,PG,0,0,1,1
578,Million Ace,Brilliant Documentary of a Womanizer And a Squirrel,2006,1,4,4.99,142,16.99,PG-13,0,0,0,1
579,Minds Truman,Taut Yarn of a Mad Scientist And a,2006,1,3,4.99,149,22.99,PG-13,0,0,1,1
580,Mine Titans,Amazing Yarn of a Robot And a Womanizer,2006,1,3,4.99,166,12.99,PG-13,1,0,0,1
581,Minority Kiss,Insightful Display of a Lumberjack And a Sumo,2006,1,4,0.99,59,16.99,G,1,0,0,0
582,Miracle Virtual,Touching Epistle of a Butler And a Boy,2006,1,3,2.99,162,19.99,PG-13,1,0,0,1
583,Mission Zoolander,Intrepid Story of a Sumo Wrestler And a,2006,1,3,4.99,164,26.99,PG-13,0,0,1,0
584,Mixed Doors,Taut Drama of a Womanizer And a Lumberjack,2006,1,6,2.99,180,26.99,PG-13,0,0,1,0
585,Mob Duffel,Unbelieveable Documentary of a Frisbee And a Boat,2006,1,4,0.99,105,25.99,G,1,0,0,0
586,Mockingbird Hollywood,Thoughtful Panorama of a Man And a Car,2006,1,4,0.99,60,27.99,PG,0,0,1,0
587,Mod Secretary,Boring Documentary of a Mad Cow And a,2006,1,6,4.99,77,20.99,NC-17,0,1,1,0
588,Model Fish,Beautiful Panorama of a Boat And a Crocodile,2006,1,4,4.99,175,11.99,NC-17,1,1,1,0
589,Modern Dorado,Awe-Inspiring Story of a Butler And a Sumo,2006,1,3,0.99,74,20.99,PG,1,1,0,1
590,Money Harold,Touching Tale of a Explorer And a Boat,2006,1,3,2.99,135,17.99,PG,1,1,0,0
591,Monsoon Cause,Astounding Tale of a Crocodile And a Car,2006,1,6,4.99,182,20.99,PG,0,1,1,0
592,Monster Spartacus,Fast-Paced Story of a Waitress And a Cat,2006,1,6,2.99,107,28.99,PG,0,1,1,0
593,Monterey Labyrinth,Awe-Inspiring Drama of a Monkey And a Composer,2006,1,6,0.99,158,13.99,G,1,1,0,0
594,Montezuma Command,Thrilling Reflection of a Waitress And a Butler,2006,1,6,0.99,126,22.99,NC-17,1,0,0,0
595,Moon Bunch,Beautiful Tale of a Astronaut And a Mad,2006,1,7,0.99,83,20.99,PG,0,0,1,1
596,Moonshine Cabin,Thoughtful Display of a Astronaut And a Feminist,2006,1,4,4.99,171,25.99,PG-13,0,0,1,0
597,Moonwalker Fool,Epic Drama of a Feminist And a Pioneer,2006,1,5,4.99,184,12.99,G,1,0,0,1
598,Mosquito Armageddon,Thoughtful Character Study of a Waitress And a,2006,1,6,0.99,57,22.99,G,1,0,0,0
599,Mother Oleander,Boring Tale of a Husband And a Boy,2006,1,3,0.99,103,20.99,R,1,1,0,0
600,Motions Details,Awe-Inspiring Reflection of a Dog And a Student,2006,1,5,0.99,166,16.99,PG,1,1,1,0
601,Moulin Wake,Astounding Story of a Forensic Psychologist And a,2006,1,4,0.99,79,20.99,PG-13,1,0,0,0
602,Mourning Purple,Lacklusture Display of a Waitress And a Lumberjack,2006,1,5,0.99,146,14.99,PG,1,1,1,1
603,Movie Shakespeare,Insightful Display of a Database Administrator And a,2006,1,6,4.99,53,27.99,PG,0,1,1,1
604,Mulan Moon,Emotional Saga of a Womanizer And a Pioneer,2006,1,4,0.99,160,10.99,G,0,0,1,0
605,Mulholland Beast,Awe-Inspiring Display of a Husband And a Squirrel,2006,1,7,2.99,157,13.99,PG,1,0,1,1
606,Mummy Creatures,Fateful Character Study of a Crocodile And a,2006,1,3,0.99,160,15.99,NC-17,1,0,1,0
607,Muppet Mile,Lacklusture Story of a Madman And a Teacher,2006,1,5,4.99,50,18.99,PG,1,0,0,1
608,Murder Antitrust,Brilliant Yarn of a Car And a Database,2006,1,6,2.99,166,11.99,PG,1,0,1,1
609,Muscle Bright,Stunning Panorama of a Sumo Wrestler And a,2006,1,7,2.99,185,23.99,G,0,0,0,1
610,Music Boondock,Thrilling Tale of a Butler And a Astronaut,2006,1,7,0.99,129,17.99,R,1,1,1,0
611,Musketeers Wait,Touching Yarn of a Student And a Moose,2006,1,7,4.99,73,17.99,PG,0,0,1,1
612,Mussolini Spoilers,Thrilling Display of a Boat And a Monkey,2006,1,6,2.99,180,10.99,G,0,0,1,1
613,Mystic Truman,Epic Yarn of a Teacher And a Hunter,2006,1,5,0.99,92,19.99,NC-17,0,1,1,0
614,Name Detective,Touching Saga of a Sumo Wrestler And a,2006,1,5,4.99,178,11.99,PG-13,1,1,1,0
615,Nash Chocolat,Epic Reflection of a Monkey And a Mad,2006,1,6,2.99,180,21.99,PG-13,0,1,1,0
616,National Story,Taut Epistle of a Mad Scientist And a,2006,1,4,2.99,92,19.99,NC-17,1,0,0,0
617,Natural Stock,Fast-Paced Story of a Sumo Wrestler And a,2006,1,4,0.99,50,24.99,PG-13,0,1,0,1
618,Necklace Outbreak,Astounding Epistle of a Database Administrator And a,2006,1,3,0.99,132,21.99,PG,1,1,1,0
619,Neighbors Charade,Fanciful Reflection of a Crocodile And a Astronaut,2006,1,3,0.99,161,20.99,R,1,1,0,1
620,Nemo Campus,Lacklusture Reflection of a Monkey And a Squirrel,2006,1,5,2.99,131,23.99,NC-17,1,0,0,0
621,Network Peak,Unbelieveable Reflection of a Butler And a Boat,2006,1,5,2.99,75,23.99,PG-13,0,1,1,1
622,Newsies Story,Action-Packed Character Study of a Dog And a,2006,1,4,0.99,159,25.99,G,1,0,0,1
623,Newton Labyrinth,Intrepid Character Study of a Moose And a,2006,1,4,0.99,75,9.99,PG,1,1,1,1
624,Nightmare Chill,Brilliant Display of a Robot And a Butler,2006,1,3,4.99,149,25.99,PG,1,0,1,1
625,None Spiking,Boring Reflection of a Secret Agent And a,2006,1,3,0.99,83,18.99,NC-17,1,1,0,0
626,Noon Papi,Unbelieveable Character Study of a Mad Scientist And,2006,1,5,2.99,57,12.99,G,0,0,1,0
627,North Tequila,Beautiful Character Study of a Mad Cow And,2006,1,4,4.99,67,9.99,NC-17,0,1,1,1
628,Northwest Polish,Boring Character Study of a Boy And a,2006,1,5,2.99,172,24.99,PG,1,0,0,0
629,Notorious Reunion,Amazing Epistle of a Woman And a Squirrel,2006,1,7,0.99,128,9.99,NC-17,1,1,0,1
630,Notting Speakeasy,Thoughtful Display of a Butler And a Womanizer,2006,1,7,0.99,48,19.99,PG-13,1,1,0,0
631,Novocaine Flight,Fanciful Display of a Student And a Teacher,2006,1,4,0.99,64,11.99,G,1,1,0,1
632,Nuts Ties,Thoughtful Drama of a Explorer And a Womanizer,2006,1,5,4.99,145,10.99,NC-17,1,0,1,0
633,October Submarine,Taut Epistle of a Monkey And a Boy,2006,1,6,4.99,54,10.99,PG-13,1,1,1,0
634,Odds Boogie,Thrilling Yarn of a Feminist And a Madman,2006,1,6,0.99,48,14.99,NC-17,1,1,1,0
635,Oklahoma Jumanji,Thoughtful Drama of a Dentist And a Womanizer,2006,1,7,0.99,58,15.99,PG,0,0,1,0
636,Oleander Clue,Boring Story of a Teacher And a Monkey,2006,1,5,0.99,161,12.99,PG,0,1,0,1
637,Open African,Lacklusture Drama of a Secret Agent And a,2006,1,7,4.99,131,16.99,PG,1,1,0,0
638,Operation Operation,Intrepid Character Study of a Man And a,2006,1,7,2.99,156,23.99,G,1,1,1,1
639,Opposite Necklace,Fateful Epistle of a Crocodile And a Moose,2006,1,7,4.99,92,9.99,PG,0,0,0,1
640,Opus Ice,Fast-Paced Drama of a Hunter And a Boy,2006,1,5,4.99,102,21.99,R,0,1,0,1
641,Orange Grapes,Astounding Documentary of a Butler And a Womanizer,2006,1,4,0.99,76,21.99,PG-13,1,1,0,0
642,Order Betrayed,Amazing Saga of a Dog And a A,2006,1,7,2.99,120,13.99,PG-13,0,0,1,1
643,Orient Closer,Astounding Epistle of a Technical Writer And a,2006,1,3,2.99,118,22.99,R,0,1,0,1
644,Oscar Gold,Insightful Tale of a Database Administrator And a,2006,1,7,2.99,115,29.99,PG,0,0,1,0
645,Others Soup,Lacklusture Documentary of a Mad Cow And a,2006,1,7,2.99,118,18.99,PG,0,0,0,1
646,Outbreak Divine,Unbelieveable Yarn of a Database Administrator And a,2006,1,6,0.99,169,12.99,NC-17,1,0,1,1
647,Outfield Massacre,Thoughtful Drama of a Husband And a Secret,2006,1,4,0.99,129,18.99,NC-17,1,0,0,1
648,Outlaw Hanky,Thoughtful Story of a Astronaut And a Composer,2006,1,7,4.99,148,17.99,PG-13,1,1,0,0
649,Oz Liaisons,Epic Yarn of a Mad Scientist And a,2006,1,4,2.99,85,14.99,R,0,1,1,1
650,Pacific Amistad,Thrilling Yarn of a Dog And a Moose,2006,1,3,0.99,144,27.99,G,1,1,1,1
651,Packer Madigan,Epic Display of a Sumo Wrestler And a,2006,1,3,0.99,84,20.99,PG-13,1,0,0,0
652,Pajama Jawbreaker,Emotional Drama of a Boy And a Technical,2006,1,3,0.99,126,14.99,R,1,0,0,1
653,Panic Club,Fanciful Display of a Teacher And a Crocodile,2006,1,3,4.99,102,15.99,G,0,1,0,1
654,Panky Submarine,Touching Documentary of a Dentist And a Sumo,2006,1,4,4.99,93,19.99,G,1,1,1,1
655,Panther Reds,Brilliant Panorama of a Moose And a Man,2006,1,5,4.99,109,22.99,NC-17,0,0,1,1
656,Papi Necklace,Fanciful Display of a Car And a Monkey,2006,1,3,0.99,128,9.99,PG,1,0,1,1
657,Paradise Sabrina,Intrepid Yarn of a Car And a Moose,2006,1,5,2.99,48,12.99,PG-13,0,1,1,1
658,Paris Weekend,Intrepid Story of a Squirrel And a Crocodile,2006,1,7,2.99,121,19.99,PG-13,1,1,1,1
659,Park Citizen,Taut Epistle of a Sumo Wrestler And a,2006,1,3,4.99,109,14.99,PG-13,1,0,0,1
660,Party Knock,Fateful Display of a Technical Writer And a,2006,1,7,2.99,107,11.99,PG,1,0,1,0
661,Past Suicides,Intrepid Tale of a Madman And a Astronaut,2006,1,5,4.99,157,17.99,PG-13,1,0,1,1
662,Paths Control,Astounding Documentary of a Butler And a Cat,2006,1,3,4.99,118,9.99,PG,1,0,1,0
663,Patient Sister,Emotional Epistle of a Squirrel And a Robot,2006,1,7,0.99,99,29.99,NC-17,1,1,0,0
664,Patriot Roman,Taut Saga of a Robot And a Database,2006,1,6,2.99,65,12.99,PG,1,0,0,1
665,Patton Interview,Thrilling Documentary of a Composer And a Secret,2006,1,4,2.99,175,22.99,PG,0,1,0,0
666,Paycheck Wait,Awe-Inspiring Reflection of a Boy And a Man,2006,1,4,4.99,145,27.99,PG-13,0,1,0,1
667,Peach Innocent,Action-Packed Drama of a Monkey And a Dentist,2006,1,3,2.99,160,20.99,PG-13,0,1,1,0
668,Peak Forever,Insightful Reflection of a Boat And a Secret,2006,1,7,4.99,80,25.99,PG,1,1,1,1
669,Pearl Destiny,Lacklusture Yarn of a Astronaut And a Pastry,2006,1,3,2.99,74,10.99,NC-17,1,0,0,0
670,Pelican Comforts,Epic Documentary of a Boy And a Monkey,2006,1,4,4.99,48,17.99,PG,0,1,0,1
671,Perdition Fargo,Fast-Paced Story of a Car And a Cat,2006,1,7,4.99,99,27.99,NC-17,1,0,1,0
672,Perfect Groove,Thrilling Yarn of a Dog And a Dog,2006,1,7,2.99,82,17.99,PG-13,0,1,1,1
673,Personal Ladybugs,Epic Saga of a Hunter And a Technical,2006,1,3,0.99,118,19.99,PG-13,0,0,1,1
674,Pet Haunting,Unbelieveable Reflection of a Explorer And a Boat,2006,1,3,0.99,99,11.99,PG,1,1,0,0
675,Phantom Glory,Beautiful Documentary of a Astronaut And a Crocodile,2006,1,6,2.99,60,17.99,NC-17,0,1,1,0
676,Philadelphia Wife,Taut Yarn of a Hunter And a Astronaut,2006,1,7,4.99,137,16.99,PG-13,1,1,0,1
677,Pianist Outfield,Intrepid Story of a Boy And a Technical,2006,1,6,0.99,136,25.99,NC-17,1,1,0,1
678,Pickup Driving,Touching Documentary of a Husband And a Boat,2006,1,3,2.99,77,23.99,G,1,1,1,1
679,Pilot Hoosiers,Awe-Inspiring Reflection of a Crocodile And a Sumo,2006,1,6,2.99,50,17.99,PG,1,0,0,1
680,Pinocchio Simon,Action-Packed Reflection of a Mad Scientist And a,2006,1,4,4.99,103,21.99,PG,0,1,1,0
681,Pirates Roxanne,Stunning Drama of a Woman And a Lumberjack,2006,1,4,0.99,100,20.99,PG,0,1,0,1
682,Pittsburgh Hunchback,Thrilling Epistle of a Boy And a Boat,2006,1,4,4.99,134,17.99,PG-13,1,0,1,1
683,Pity Bound,Boring Panorama of a Feminist And a Moose,2006,1,5,4.99,60,19.99,NC-17,0,1,0,0
684,Pizza Jumanji,Epic Saga of a Cat And a Squirrel,2006,1,4,2.99,173,11.99,NC-17,0,1,0,0
685,Platoon Instinct,Thrilling Panorama of a Man And a Woman,2006,1,6,4.99,132,10.99,PG-13,1,1,0,0
686,Pluto Oleander,Action-Packed Reflection of a Car And a Moose,2006,1,5,4.99,84,9.99,R,0,0,1,0
687,Pocus Pulp,Intrepid Yarn of a Frisbee And a Dog,2006,1,6,0.99,138,15.99,NC-17,0,1,1,1
688,Polish Brooklyn,Boring Character Study of a Database Administrator And,2006,1,6,0.99,61,12.99,PG,1,1,1,1
689,Pollock Deliverance,Intrepid Story of a Madman And a Frisbee,2006,1,5,2.99,137,14.99,PG,0,1,0,0
690,Pond Seattle,Stunning Drama of a Teacher And a Boat,2006,1,7,2.99,185,25.99,PG-13,1,1,1,0
691,Poseidon Forever,Thoughtful Epistle of a Womanizer And a Monkey,2006,1,6,4.99,159,29.99,PG-13,0,1,0,0
692,Potluck Mixed,Beautiful Story of a Dog And a Technical,2006,1,3,2.99,179,10.99,G,0,0,1,0
693,Potter Connecticut,Thrilling Epistle of a Frisbee And a Cat,2006,1,5,2.99,115,16.99,PG,1,1,0,0
694,Prejudice Oleander,Epic Saga of a Boy And a Dentist,2006,1,6,4.99,98,15.99,PG-13,1,1,0,1
695,President Bang,Fateful Panorama of a Technical Writer And a,2006,1,6,4.99,144,12.99,PG,0,0,1,0
696,Pride Alamo,Thoughtful Drama of a A Shark And a,2006,1,6,0.99,114,20.99,NC-17,0,0,0,1
697,Primary Glass,Fateful Documentary of a Pastry Chef And a,2006,1,7,0.99,53,16.99,G,1,0,1,1
698,Princess Giant,Thrilling Yarn of a Pastry Chef And a,2006,1,3,2.99,71,29.99,NC-17,1,0,0,1
699,Private Drop,Stunning Story of a Technical Writer And a,2006,1,7,4.99,106,26.99,PG,1,0,0,0
700,Prix Undefeated,Stunning Saga of a Mad Scientist And a,2006,1,4,2.99,115,13.99,R,1,0,0,1
701,Psycho Shrunk,Amazing Panorama of a Crocodile And a Explorer,2006,1,5,2.99,155,11.99,PG-13,0,0,1,0
702,Pulp Beverly,Unbelieveable Display of a Dog And a Crocodile,2006,1,4,2.99,89,12.99,G,1,0,1,0
703,Punk Divorce,Fast-Paced Tale of a Pastry Chef And a,2006,1,6,4.99,100,18.99,PG,1,1,0,1
704,Pure Runner,Thoughtful Documentary of a Student And a Madman,2006,1,3,2.99,121,25.99,NC-17,1,0,0,1
705,Purple Movie,Boring Display of a Pastry Chef And a,2006,1,4,2.99,88,9.99,R,0,1,0,1
706,Queen Luke,Astounding Story of a Girl And a Boy,2006,1,5,4.99,163,22.99,PG,0,1,1,1
707,Quest Mussolini,Fateful Drama of a Husband And a Sumo,2006,1,5,2.99,177,29.99,R,0,0,1,0
708,Quills Bull,Thoughtful Story of a Pioneer And a Woman,2006,1,4,4.99,112,19.99,R,1,0,1,0
709,Racer Egg,Emotional Display of a Monkey And a Waitress,2006,1,7,2.99,147,19.99,NC-17,1,1,0,1
710,Rage Games,Fast-Paced Saga of a Astronaut And a Secret,2006,1,4,4.99,120,18.99,R,1,0,1,0
711,Raging Airplane,Astounding Display of a Secret Agent And a,2006,1,4,4.99,154,18.99,R,0,1,0,1
712,Raiders Antitrust,Amazing Drama of a Teacher And a Feminist,2006,1,4,0.99,82,11.99,PG-13,0,0,0,1
713,Rainbow Shock,Action-Packed Story of a Hunter And a Boy,2006,1,3,4.99,74,14.99,PG,1,1,1,1
714,Random Go,Fateful Drama of a Frisbee And a Student,2006,1,6,2.99,73,29.99,NC-17,1,0,0,0
715,Range Moonwalker,Insightful Documentary of a Hunter And a Dentist,2006,1,3,4.99,147,25.99,PG,1,1,0,1
716,Reap Unfaithful,Thrilling Epistle of a Composer And a Sumo,2006,1,6,2.99,136,26.99,PG-13,1,1,0,0
717,Rear Trading,Awe-Inspiring Reflection of a Forensic Psychologist And a,2006,1,6,0.99,97,23.99,NC-17,1,1,0,1
718,Rebel Airport,Intrepid Yarn of a Database Administrator And a,2006,1,7,0.99,73,24.99,G,1,0,1,0
719,Records Zorro,Amazing Drama of a Mad Scientist And a,2006,1,7,4.99,182,11.99,PG,0,0,1,0
720,Redemption Comforts,Emotional Documentary of a Dentist And a Woman,2006,1,3,2.99,179,20.99,NC-17,1,0,1,1
721,Reds Pocus,Lacklusture Yarn of a Sumo Wrestler And a,2006,1,7,4.99,182,23.99,PG-13,1,0,1,0
722,Reef Salute,Action-Packed Saga of a Teacher And a Lumberjack,2006,1,5,0.99,123,26.99,NC-17,0,0,1,0
723,Reign Gentlemen,Emotional Yarn of a Composer And a Man,2006,1,3,2.99,82,29.99,PG-13,0,0,1,1
724,Remember Diary,Insightful Tale of a Technical Writer And a,2006,1,5,2.99,110,15.99,R,1,1,0,0
725,Requiem Tycoon,Unbelieveable Character Study of a Cat And a,2006,1,6,4.99,167,25.99,R,1,1,1,0
726,Reservoir Adaptation,Intrepid Drama of a Teacher And a Moose,2006,1,7,2.99,61,29.99,PG-13,0,1,0,0
727,Resurrection Silverado,Epic Yarn of a Robot And a Explorer,2006,1,6,0.99,117,12.99,PG,1,0,0,1
728,Reunion Witches,Unbelieveable Documentary of a Database Administrator And a,2006,1,3,0.99,63,26.99,R,0,1,0,0
729,Rider Caddyshack,Taut Reflection of a Monkey And a Womanizer,2006,1,5,2.99,177,28.99,PG,0,1,1,0
730,Ridgemont Submarine,Unbelieveable Drama of a Waitress And a Composer,2006,1,3,0.99,46,28.99,PG-13,0,1,1,1
731,Right Cranes,Fateful Character Study of a Boat And a,2006,1,7,4.99,153,29.99,PG-13,1,1,0,1
732,Rings Heartbreakers,Amazing Yarn of a Sumo Wrestler And a,2006,1,5,0.99,58,17.99,G,1,1,1,0
733,River Outlaw,Thrilling Character Study of a Squirrel And a,2006,1,4,0.99,149,29.99,PG-13,0,1,0,0
734,Road Roxanne,Boring Character Study of a Waitress And a,2006,1,4,4.99,158,12.99,R,0,0,1,0
735,Robbers Joon,Thoughtful Story of a Mad Scientist And a,2006,1,7,2.99,102,26.99,PG-13,0,1,0,0
736,Robbery Bright,Taut Reflection of a Robot And a Squirrel,2006,1,4,0.99,134,21.99,R,1,0,0,0
737,Rock Instinct,Astounding Character Study of a Robot And a,2006,1,4,0.99,102,28.99,G,1,1,1,1
738,Rocketeer Mother,Awe-Inspiring Character Study of a Robot And a,2006,1,3,0.99,178,27.99,PG-13,0,0,1,1
739,Rocky War,Fast-Paced Display of a Squirrel And a Explorer,2006,1,4,4.99,145,17.99,PG-13,1,1,1,0
740,Rollercoaster Bringing,Beautiful Drama of a Robot And a Lumberjack,2006,1,5,2.99,153,13.99,PG-13,1,1,0,1
741,Roman Punk,Thoughtful Panorama of a Mad Cow And a,2006,1,7,0.99,81,28.99,NC-17,1,0,0,0
742,Roof Champion,Lacklusture Reflection of a Car And a Explorer,2006,1,7,0.99,101,25.99,R,0,0,1,1
743,Room Roman,Awe-Inspiring Panorama of a Composer And a Secret,2006,1,7,0.99,60,27.99,PG,1,0,1,1
744,Roots Remember,Brilliant Drama of a Mad Cow And a,2006,1,4,0.99,89,23.99,PG-13,0,1,1,1
745,Roses Treasure,Astounding Panorama of a Monkey And a Secret,2006,1,5,4.99,162,23.99,PG-13,0,1,1,1
746,Rouge Squad,Awe-Inspiring Drama of a Astronaut And a Frisbee,2006,1,3,0.99,118,10.99,NC-17,0,1,1,1
747,Roxanne Rebel,Astounding Story of a Pastry Chef And a,2006,1,5,0.99,171,9.99,R,0,0,1,1
748,Rugrats Shakespeare,Touching Saga of a Crocodile And a Crocodile,2006,1,4,0.99,109,16.99,PG-13,1,1,1,1
749,Rules Human,Beautiful Epistle of a Astronaut And a Student,2006,1,6,4.99,153,19.99,R,0,0,1,1
750,Run Pacific,Touching Tale of a Cat And a Pastry,2006,1,3,0.99,145,25.99,R,0,1,1,1
751,Runaway Tenenbaums,Thoughtful Documentary of a Boat And a Man,2006,1,6,0.99,181,17.99,NC-17,0,1,0,0
752,Runner Madigan,Thoughtful Documentary of a Crocodile And a Robot,2006,1,6,0.99,101,27.99,NC-17,0,1,1,1
753,Rush Goodfellas,Emotional Display of a Man And a Dentist,2006,1,3,0.99,48,20.99,PG,0,0,0,1
754,Rushmore Mermaid,Boring Story of a Woman And a Moose,2006,1,6,2.99,150,17.99,PG-13,1,1,0,1
755,Sabrina Midnight,Emotional Story of a Squirrel And a Crocodile,2006,1,5,4.99,99,11.99,PG,1,0,1,0
756,Saddle Antitrust,Stunning Epistle of a Feminist And a A,2006,1,7,2.99,80,10.99,PG-13,1,0,0,1
757,Sagebrush Clueless,Insightful Story of a Lumberjack And a Hunter,2006,1,4,2.99,106,28.99,G,1,0,0,0
758,Saints Bride,Fateful Tale of a Technical Writer And a,2006,1,5,2.99,125,11.99,G,0,0,0,1
759,Salute Apollo,Awe-Inspiring Character Study of a Boy And a,2006,1,4,2.99,73,29.99,R,1,1,1,1
760,Samurai Lion,Fast-Paced Story of a Pioneer And a Astronaut,2006,1,5,2.99,110,21.99,G,0,1,0,0
761,Santa Paris,Emotional Documentary of a Moose And a Car,2006,1,7,2.99,154,23.99,PG,0,1,1,0
762,Sassy Packer,Fast-Paced Documentary of a Dog And a Teacher,2006,1,6,0.99,154,29.99,G,0,0,1,1
763,Satisfaction Confidential,Lacklusture Yarn of a Dentist And a Butler,2006,1,3,4.99,75,26.99,G,0,1,1,1
764,Saturday Lambs,Thoughtful Reflection of a Mad Scientist And a,2006,1,3,4.99,150,28.99,G,0,1,0,1
765,Saturn Name,Fateful Epistle of a Butler And a Boy,2006,1,7,4.99,182,18.99,R,1,1,1,1
766,Savannah Town,Awe-Inspiring Tale of a Astronaut And a Database,2006,1,5,0.99,84,25.99,PG-13,0,1,1,1
767,Scalawag Duck,Fateful Reflection of a Car And a Teacher,2006,1,6,4.99,183,13.99,NC-17,0,1,1,0
768,Scarface Bang,Emotional Yarn of a Teacher And a Girl,2006,1,3,4.99,102,11.99,PG-13,0,1,0,1
769,School Jacket,Intrepid Yarn of a Monkey And a Boy,2006,1,5,4.99,151,21.99,PG-13,1,0,0,0
770,Scissorhands Slums,Awe-Inspiring Drama of a Girl And a Technical,2006,1,5,2.99,147,13.99,G,0,1,1,1
771,Scorpion Apollo,Awe-Inspiring Documentary of a Technical Writer And a,2006,1,3,4.99,137,23.99,NC-17,0,1,0,1
772,Sea Virgin,Fast-Paced Documentary of a Technical Writer And a,2006,1,4,2.99,80,24.99,PG,0,0,0,1
773,Seabiscuit Punk,Insightful Saga of a Man And a Forensic,2006,1,6,2.99,112,28.99,NC-17,0,1,1,1
774,Searchers Wait,Fast-Paced Tale of a Car And a Mad,2006,1,3,2.99,182,22.99,NC-17,1,1,1,1
775,Seattle Expecations,Insightful Reflection of a Crocodile And a Sumo,2006,1,4,4.99,110,18.99,PG-13,1,0,0,0
776,Secret Groundhog,Astounding Story of a Cat And a Database,2006,1,6,4.99,90,11.99,PG,0,1,0,1
777,Secretary Rouge,Action-Packed Panorama of a Mad Cow And a,2006,1,5,4.99,158,10.99,PG,0,1,1,0
778,Secrets Paradise,Fateful Saga of a Cat And a Frisbee,2006,1,3,4.99,109,24.99,G,1,1,0,0
779,Sense Greek,Taut Saga of a Lumberjack And a Pastry,2006,1,4,4.99,54,23.99,R,0,0,1,1
780,Sensibility Rear,Emotional Tale of a Robot And a Sumo,2006,1,7,4.99,98,15.99,PG,0,0,1,0
781,Seven Swarm,Unbelieveable Character Study of a Dog And a,2006,1,4,4.99,127,15.99,R,0,0,0,1
782,Shakespeare Saddle,Fast-Paced Panorama of a Lumberjack And a Database,2006,1,6,2.99,60,26.99,PG-13,0,1,1,0
783,Shane Darkness,Action-Packed Saga of a Moose And a Lumberjack,2006,1,5,2.99,93,22.99,PG,0,1,0,1
784,Shanghai Tycoon,Fast-Paced Character Study of a Crocodile And a,2006,1,7,2.99,47,20.99,PG,0,1,1,1
785,Shawshank Bubble,Lacklusture Story of a Moose And a Monkey,2006,1,6,4.99,80,20.99,PG,0,1,0,1
786,Shepherd Midsummer,Thoughtful Drama of a Robot And a Womanizer,2006,1,7,0.99,113,14.99,R,0,0,0,1
787,Shining Roses,Awe-Inspiring Character Study of a Astronaut And a,2006,1,4,0.99,125,12.99,G,1,1,1,1
788,Ship Wonderland,Thrilling Saga of a Monkey And a Frisbee,2006,1,5,2.99,104,15.99,R,0,1,0,0
789,Shock Cabin,Fateful Tale of a Mad Cow And a,2006,1,7,2.99,79,15.99,PG-13,1,1,1,0
790,Shootist Superfly,Fast-Paced Story of a Crocodile And a A,2006,1,6,0.99,67,22.99,PG-13,1,0,0,0
791,Show Lord,Fanciful Saga of a Student And a Girl,2006,1,3,4.99,167,24.99,PG-13,0,0,0,1
792,Shrek License,Fateful Yarn of a Secret Agent And a,2006,1,7,2.99,154,15.99,PG-13,0,1,0,0
793,Shrunk Divine,Fateful Character Study of a Waitress And a,2006,1,6,2.99,139,14.99,R,1,0,1,1
794,Side Ark,Stunning Panorama of a Crocodile And a Womanizer,2006,1,5,0.99,52,28.99,G,0,0,1,1
795,Siege Madre,Boring Tale of a Frisbee And a Crocodile,2006,1,7,0.99,111,23.99,R,1,0,0,1
796,Sierra Divide,Emotional Character Study of a Frisbee And a,2006,1,3,0.99,135,12.99,NC-17,0,1,0,1
797,Silence Kane,Emotional Drama of a Sumo Wrestler And a,2006,1,7,0.99,67,23.99,R,1,0,1,1
798,Silverado Goldfinger,Stunning Epistle of a Sumo Wrestler And a,2006,1,4,4.99,74,11.99,PG,1,1,0,0
799,Simon North,Thrilling Documentary of a Technical Writer And a,2006,1,3,0.99,51,26.99,NC-17,1,1,0,0
800,Sinners Atlantis,Epic Display of a Dog And a Boat,2006,1,7,2.99,126,19.99,PG-13,1,1,0,1
801,Sister Freddy,Stunning Saga of a Butler And a Woman,2006,1,5,4.99,152,19.99,PG-13,1,0,1,0
802,Sky Miracle,Epic Drama of a Mad Scientist And a,2006,1,7,2.99,132,15.99,PG,1,1,0,1
803,Slacker Liaisons,Fast-Paced Tale of a A Shark And a,2006,1,7,4.99,179,29.99,R,1,1,1,0
804,Sleeping Suspects,Stunning Reflection of a Sumo Wrestler And a,2006,1,7,4.99,129,13.99,PG-13,1,1,0,0
805,Sleepless Monsoon,Amazing Saga of a Moose And a Pastry,2006,1,5,4.99,64,12.99,G,1,0,1,1
806,Sleepy Japanese,Emotional Epistle of a Moose And a Composer,2006,1,4,2.99,137,25.99,PG,1,1,0,1
807,Sleuth Orient,Fateful Character Study of a Husband And a,2006,1,4,0.99,87,25.99,NC-17,0,0,1,1
808,Sling Luke,Intrepid Character Study of a Robot And a,2006,1,5,0.99,84,10.99,R,0,0,1,0
809,Slipper Fidelity,Taut Reflection of a Secret Agent And a,2006,1,5,0.99,156,14.99,PG-13,1,0,0,1
810,Slums Duck,Amazing Character Study of a Teacher And a,2006,1,5,0.99,147,21.99,PG,0,1,1,1
811,Smile Earring,Intrepid Drama of a Teacher And a Butler,2006,1,4,2.99,60,29.99,G,0,1,1,0
812,Smoking Barbarella,Lacklusture Saga of a Mad Cow And a,2006,1,7,0.99,50,13.99,PG-13,0,0,1,0
813,Smoochy Control,Thrilling Documentary of a Husband And a Feminist,2006,1,7,0.99,184,18.99,R,0,0,1,0
814,Snatch Slipper,Insightful Panorama of a Woman And a Feminist,2006,1,6,4.99,110,15.99,PG,0,1,0,0
815,Snatchers Montezuma,Boring Epistle of a Sumo Wrestler And a,2006,1,4,2.99,74,14.99,PG-13,0,1,0,0
816,Snowman Rollercoaster,Fateful Display of a Lumberjack And a Girl,2006,1,3,0.99,62,27.99,G,1,0,0,0
817,Soldiers Evolution,Lacklusture Panorama of a A Shark And a,2006,1,7,4.99,185,27.99,R,1,1,1,1
818,Something Duck,Boring Character Study of a Car And a,2006,1,4,4.99,180,17.99,NC-17,0,1,1,0
819,Song Hedwig,Amazing Documentary of a Man And a Husband,2006,1,3,0.99,165,29.99,PG-13,1,0,0,1
820,Sons Interview,Taut Character Study of a Explorer And a,2006,1,3,2.99,184,11.99,NC-17,0,1,1,0
821,Sorority Queen,Fast-Paced Display of a Squirrel And a Composer,2006,1,6,0.99,184,17.99,NC-17,1,0,0,1
822,Soup Wisdom,Fast-Paced Display of a Robot And a Butler,2006,1,6,0.99,169,12.99,R,0,0,1,0
823,South Wait,Amazing Documentary of a Car And a Robot,2006,1,4,2.99,143,21.99,R,0,1,1,0
824,Spartacus Cheaper,Thrilling Panorama of a Pastry Chef And a,2006,1,4,4.99,52,19.99,NC-17,0,0,1,1
825,Speakeasy Date,Lacklusture Drama of a Forensic Psychologist And a,2006,1,6,2.99,165,22.99,PG-13,0,0,1,1
826,Speed Suit,Brilliant Display of a Frisbee And a Mad,2006,1,7,4.99,124,19.99,PG-13,0,1,1,0
827,Spice Sorority,Fateful Display of a Pioneer And a Hunter,2006,1,5,4.99,141,22.99,NC-17,1,1,1,1
828,Spiking Element,Lacklusture Epistle of a Dentist And a Technical,2006,1,7,2.99,79,12.99,G,1,0,1,1
829,Spinal Rocky,Lacklusture Epistle of a Sumo Wrestler And a,2006,1,7,2.99,138,12.99,PG-13,0,1,0,1
830,Spirit Flintstones,Brilliant Yarn of a Cat And a Car,2006,1,7,0.99,149,23.99,R,0,1,0,1
831,Spirited Casualties,Taut Story of a Waitress And a Man,2006,1,5,0.99,138,20.99,PG-13,0,1,1,0
832,Splash Gump,Taut Saga of a Crocodile And a Boat,2006,1,5,0.99,175,16.99,PG,1,1,1,1
833,Splendor Patton,Taut Story of a Dog And a Explorer,2006,1,5,0.99,134,20.99,R,1,1,1,1
834,Spoilers Hellfighters,Fanciful Story of a Technical Writer And a,2006,1,4,0.99,151,26.99,G,1,1,1,1
835,Spy Mile,Thrilling Documentary of a Feminist And a Feminist,2006,1,6,2.99,112,13.99,PG-13,1,1,1,1
836,Squad Fish,Fast-Paced Display of a Pastry Chef And a,2006,1,3,2.99,136,14.99,PG,0,1,1,1
837,Stage World,Lacklusture Panorama of a Woman And a Frisbee,2006,1,4,2.99,85,19.99,PG,0,1,1,0
838,Stagecoach Armageddon,Touching Display of a Pioneer And a Butler,2006,1,5,4.99,112,25.99,R,1,0,0,1
839,Stallion Sundance,Fast-Paced Tale of a Car And a Dog,2006,1,5,0.99,130,23.99,PG-13,0,0,1,1
840,Stampede Disturbing,Unbelieveable Tale of a Woman And a Lumberjack,2006,1,5,0.99,75,26.99,R,0,1,1,1
841,Star Operation,Insightful Character Study of a Girl And a,2006,1,5,2.99,181,9.99,PG,0,1,0,0
842,State Wasteland,Beautiful Display of a Cat And a Pastry,2006,1,4,2.99,113,13.99,NC-17,1,1,1,1
843,Steel Santa,Fast-Paced Yarn of a Composer And a Frisbee,2006,1,4,4.99,143,15.99,NC-17,0,1,0,1
844,Steers Armageddon,Stunning Character Study of a Car And a,2006,1,6,4.99,140,16.99,PG,1,1,1,1
845,Stepmom Dream,Touching Epistle of a Crocodile And a Teacher,2006,1,7,4.99,48,9.99,NC-17,0,0,1,1
846,Sting Personal,Fanciful Drama of a Frisbee And a Dog,2006,1,3,4.99,93,9.99,NC-17,0,1,1,1
847,Stock Glass,Boring Epistle of a Crocodile And a Lumberjack,2006,1,7,2.99,160,10.99,PG,0,1,0,0
848,Stone Fire,Intrepid Drama of a Astronaut And a Crocodile,2006,1,3,0.99,94,19.99,G,1,0,0,0
849,Storm Happiness,Insightful Drama of a Feminist And a A,2006,1,6,0.99,57,28.99,NC-17,1,1,1,0
850,Story Side,Lacklusture Saga of a Boy And a Cat,2006,1,7,0.99,163,27.99,R,1,0,1,0
851,Straight Hours,Boring Panorama of a Secret Agent And a,2006,1,3,0.99,151,19.99,R,0,1,1,0
852,Strangelove Desire,Awe-Inspiring Panorama of a Lumberjack And a Waitress,2006,1,4,0.99,103,27.99,NC-17,1,1,0,1
853,Stranger Strangers,Awe-Inspiring Yarn of a Womanizer And a Explorer,2006,1,3,4.99,139,12.99,G,0,1,0,1
854,Strangers Graffiti,Brilliant Character Study of a Secret Agent And,2006,1,4,4.99,119,22.99,R,1,0,1,0
855,Streak Ridgemont,Astounding Character Study of a Hunter And a,2006,1,7,0.99,132,28.99,PG-13,1,0,1,0
856,Streetcar Intentions,Insightful Character Study of a Waitress And a,2006,1,5,4.99,73,11.99,R,0,1,0,0
857,Strictly Scarface,Touching Reflection of a Crocodile And a Dog,2006,1,3,2.99,144,24.99,PG-13,0,1,1,1
858,Submarine Bed,Amazing Display of a Car And a Monkey,2006,1,5,4.99,127,21.99,R,1,0,0,0
859,Sugar Wonka,Touching Story of a Dentist And a Database,2006,1,3,4.99,114,20.99,PG,1,1,1,0
860,Suicides Silence,Emotional Character Study of a Car And a,2006,1,4,4.99,93,13.99,G,0,0,0,1
861,Suit Walls,Touching Panorama of a Lumberjack And a Frisbee,2006,1,3,4.99,111,12.99,R,0,1,0,0
862,Summer Scarface,Emotional Panorama of a Lumberjack And a Hunter,2006,1,5,0.99,53,25.99,G,0,0,1,1
863,Sun Confessions,Beautiful Display of a Mad Cow And a,2006,1,5,0.99,141,9.99,R,1,0,1,0
864,Sundance Invasion,Epic Drama of a Lumberjack And a Explorer,2006,1,5,0.99,92,21.99,NC-17,0,1,1,0
865,Sunrise League,Beautiful Epistle of a Madman And a Butler,2006,1,3,4.99,135,19.99,PG-13,0,0,1,0
866,Sunset Racer,Awe-Inspiring Reflection of a Astronaut And a A,2006,1,6,0.99,48,28.99,NC-17,0,1,1,0
867,Super Wyoming,Action-Packed Saga of a Pastry Chef And a,2006,1,5,4.99,58,10.99,PG,1,1,1,0
868,Superfly Trip,Beautiful Saga of a Lumberjack And a Teacher,2006,1,5,0.99,114,27.99,PG,0,1,1,0
869,Suspects Quills,Emotional Epistle of a Pioneer And a Crocodile,2006,1,4,2.99,47,22.99,PG,1,0,0,0
870,Swarm Gold,Insightful Panorama of a Crocodile And a Boat,2006,1,4,0.99,123,12.99,PG-13,1,1,0,0
871,Sweden Shining,Taut Documentary of a Car And a Robot,2006,1,6,4.99,176,19.99,PG,0,0,1,1
872,Sweet Brotherhood,Unbelieveable Epistle of a Sumo Wrestler And a,2006,1,3,2.99,185,27.99,R,0,0,0,1
873,Sweethearts Suspects,Brilliant Character Study of a Frisbee And a,2006,1,3,0.99,108,13.99,G,1,1,1,1
874,Tadpole Park,Beautiful Tale of a Frisbee And a Moose,2006,1,6,2.99,155,13.99,PG,1,1,0,0
875,Talented Homicide,Lacklusture Panorama of a Dentist And a Forensic,2006,1,6,0.99,173,9.99,PG,0,1,1,1
876,Tarzan Videotape,Fast-Paced Display of a Lumberjack And a Mad,2006,1,3,2.99,91,11.99,PG-13,1,0,0,0
877,Taxi Kick,Amazing Epistle of a Girl And a Woman,2006,1,4,0.99,64,23.99,PG-13,0,1,0,1
878,Teen Apollo,Awe-Inspiring Drama of a Dog And a Man,2006,1,3,4.99,74,25.99,G,1,0,1,1
879,Telegraph Voyage,Fateful Yarn of a Husband And a Dog,2006,1,3,4.99,148,20.99,PG,0,1,0,0
880,Telemark Heartbreakers,Action-Packed Panorama of a Technical Writer And a,2006,1,6,2.99,152,9.99,PG-13,1,1,1,1
881,Temple Attraction,Action-Packed Saga of a Forensic Psychologist And a,2006,1,5,4.99,71,13.99,PG,0,1,0,1
882,Tenenbaums Command,Taut Display of a Pioneer And a Man,2006,1,4,0.99,99,24.99,PG-13,1,1,0,0
883,Tequila Past,Action-Packed Panorama of a Mad Scientist And a,2006,1,6,4.99,53,17.99,PG,0,1,1,0
884,Terminator Club,Touching Story of a Crocodile And a Girl,2006,1,5,4.99,88,11.99,R,1,0,1,1
885,Texas Watch,Awe-Inspiring Yarn of a Student And a Teacher,2006,1,7,0.99,179,22.99,NC-17,1,0,0,0
886,Theory Mermaid,Fateful Yarn of a Composer And a Monkey,2006,1,5,0.99,184,9.99,PG-13,0,0,1,1
887,Thief Pelican,Touching Documentary of a Madman And a Mad,2006,1,5,4.99,135,28.99,PG-13,0,0,1,1
888,Thin Sagebrush,Emotional Drama of a Husband And a Lumberjack,2006,1,5,4.99,53,9.99,PG-13,0,0,1,0
889,Ties Hunger,Insightful Saga of a Astronaut And a Explorer,2006,1,3,4.99,111,28.99,R,0,0,0,1
890,Tights Dawn,Thrilling Epistle of a Boat And a Secret,2006,1,5,0.99,172,14.99,R,1,0,1,0
891,Timberland Sky,Boring Display of a Man And a Dog,2006,1,3,0.99,69,13.99,G,0,1,0,0
892,Titanic Boondock,Brilliant Reflection of a Feminist And a Dog,2006,1,3,4.99,104,18.99,R,1,1,1,1
893,Titans Jerk,Unbelieveable Panorama of a Feminist And a Sumo,2006,1,4,4.99,91,11.99,PG,0,0,1,0
894,Tomatoes Hellfighters,Thoughtful Epistle of a Madman And a Astronaut,2006,1,6,0.99,68,23.99,PG,0,0,1,0
895,Tomorrow Hustler,Thoughtful Story of a Moose And a Husband,2006,1,3,2.99,142,21.99,R,0,1,0,0
896,Tootsie Pilot,Awe-Inspiring Documentary of a Womanizer And a Pastry,2006,1,3,0.99,157,10.99,PG,0,1,1,1
897,Torque Bound,Emotional Display of a Crocodile And a Husband,2006,1,3,4.99,179,27.99,G,1,1,0,0
898,Tourist Pelican,Boring Story of a Butler And a Astronaut,2006,1,4,4.99,152,18.99,PG-13,0,0,0,1
899,Towers Hurricane,Fateful Display of a Monkey And a Car,2006,1,7,0.99,144,14.99,NC-17,0,1,1,0
900,Town Ark,Awe-Inspiring Documentary of a Moose And a Madman,2006,1,6,2.99,136,17.99,R,0,0,1,0
901,Tracy Cider,Touching Reflection of a Database Administrator And a,2006,1,3,0.99,142,29.99,G,1,1,1,0
902,Trading Pinocchio,Emotional Character Study of a Student And a,2006,1,6,4.99,170,22.99,PG,1,0,1,1
903,Traffic Hobbit,Amazing Epistle of a Squirrel And a Lumberjack,2006,1,5,4.99,139,13.99,G,1,1,0,0
904,Train Bunch,Thrilling Character Study of a Robot And a,2006,1,3,4.99,71,26.99,R,1,0,0,1
905,Trainspotting Strangers,Fast-Paced Drama of a Pioneer And a Mad,2006,1,7,4.99,132,10.99,PG-13,1,0,0,0
906,Tramp Others,Brilliant Display of a Composer And a Cat,2006,1,4,0.99,171,27.99,PG,0,0,0,1
907,Translation Summer,Touching Reflection of a Man And a Monkey,2006,1,4,0.99,168,10.99,PG-13,1,0,0,0
908,Trap Guys,Unbelieveable Story of a Boy And a Mad,2006,1,3,4.99,110,11.99,G,0,1,1,0
909,Treasure Command,Emotional Saga of a Car And a Madman,2006,1,3,0.99,102,28.99,PG-13,1,1,1,1
910,Treatment Jekyll,Boring Story of a Teacher And a Student,2006,1,3,0.99,87,19.99,PG,1,0,1,1
911,Trip Newton,Fanciful Character Study of a Lumberjack And a,2006,1,7,4.99,64,14.99,PG-13,0,1,0,1
912,Trojan Tomorrow,Astounding Panorama of a Husband And a Sumo,2006,1,3,2.99,52,9.99,PG,0,1,0,1
913,Troopers Metal,Fanciful Drama of a Monkey And a Feminist,2006,1,3,0.99,115,20.99,R,0,0,1,1
914,Trouble Date,Lacklusture Panorama of a Forensic Psychologist And a,2006,1,6,2.99,61,13.99,PG,1,1,1,0
915,Truman Crazy,Thrilling Epistle of a Moose And a Boy,2006,1,7,4.99,92,9.99,G,1,1,0,0
916,Turn Star,Stunning Tale of a Man And a Monkey,2006,1,3,2.99,80,10.99,G,0,1,1,0
917,Tuxedo Mile,Boring Drama of a Man And a Forensic,2006,1,3,2.99,152,24.99,R,0,1,1,1
918,Twisted Pirates,Touching Display of a Frisbee And a Boat,2006,1,4,4.99,152,23.99,PG,1,1,0,1
919,Tycoon Gathering,Emotional Display of a Husband And a A,2006,1,3,4.99,82,17.99,G,1,1,0,1
920,Unbreakable Karate,Amazing Character Study of a Robot And a,2006,1,3,0.99,62,16.99,G,0,0,1,1
921,Uncut Suicides,Intrepid Yarn of a Explorer And a Pastry,2006,1,7,2.99,172,29.99,PG-13,1,1,1,0
922,Undefeated Dalmations,Unbelieveable Display of a Crocodile And a Feminist,2006,1,7,4.99,107,22.99,PG-13,0,1,0,0
923,Unfaithful Kill,Taut Documentary of a Waitress And a Mad,2006,1,7,2.99,78,12.99,R,0,1,0,1
924,Unforgiven Zoolander,Taut Epistle of a Monkey And a Sumo,2006,1,7,0.99,129,15.99,PG,1,1,1,0
925,United Pilot,Fast-Paced Reflection of a Cat And a Mad,2006,1,3,0.99,164,27.99,R,1,0,0,1
926,Untouchables Sunrise,Amazing Documentary of a Woman And a Astronaut,2006,1,5,2.99,120,11.99,NC-17,1,0,0,1
927,Uprising Uptown,Fanciful Reflection of a Boy And a Butler,2006,1,6,2.99,174,16.99,NC-17,1,0,1,0
928,Uptown Young,Fateful Documentary of a Dog And a Hunter,2006,1,5,2.99,84,16.99,PG,0,1,0,0
929,Usual Untouchables,Touching Display of a Explorer And a Lumberjack,2006,1,5,4.99,128,21.99,PG-13,1,1,1,0
930,Vacation Boondock,Fanciful Character Study of a Secret Agent And,2006,1,4,2.99,145,23.99,R,0,1,0,0
931,Valentine Vanishing,Thrilling Display of a Husband And a Butler,2006,1,7,0.99,48,9.99,PG-13,1,0,1,0
932,Valley Packer,Astounding Documentary of a Astronaut And a Boy,2006,1,3,0.99,73,21.99,G,0,1,0,1
933,Vampire Whale,Epic Story of a Lumberjack And a Monkey,2006,1,4,4.99,126,11.99,NC-17,1,1,0,0
934,Vanilla Day,Fast-Paced Saga of a Girl And a Forensic,2006,1,7,4.99,122,20.99,NC-17,0,0,1,1
935,Vanished Garden,Intrepid Character Study of a Squirrel And a,2006,1,5,0.99,142,17.99,R,1,1,0,1
936,Vanishing Rocky,Brilliant Reflection of a Man And a Woman,2006,1,3,2.99,123,21.99,NC-17,1,1,1,0
937,Varsity Trip,Action-Packed Character Study of a Astronaut And a,2006,1,7,2.99,85,14.99,NC-17,0,1,0,1
938,Velvet Terminator,Lacklusture Tale of a Pastry Chef And a,2006,1,3,4.99,173,14.99,R,0,0,1,0
939,Vertigo Northwest,Unbelieveable Display of a Mad Scientist And a,2006,1,4,2.99,90,17.99,R,0,1,1,0
940,Victory Academy,Insightful Epistle of a Mad Scientist And a,2006,1,6,0.99,64,19.99,PG-13,1,0,1,0
941,Videotape Arsenic,Lacklusture Display of a Girl And a Astronaut,2006,1,4,4.99,145,10.99,NC-17,0,1,1,1
942,Vietnam Smoochy,Lacklusture Display of a Butler And a Man,2006,1,7,0.99,174,27.99,PG-13,0,0,1,1
943,Villain Desperate,Boring Yarn of a Pioneer And a Feminist,2006,1,4,4.99,76,27.99,PG-13,1,1,0,0
944,Virgin Daisy,Awe-Inspiring Documentary of a Robot And a Mad,2006,1,6,4.99,179,29.99,PG-13,1,0,1,0
945,Virginian Pluto,Emotional Panorama of a Dentist And a Crocodile,2006,1,5,0.99,164,22.99,R,0,0,0,1
946,Virtual Spoilers,Fateful Tale of a Database Administrator And a,2006,1,3,4.99,144,14.99,NC-17,0,1,0,1
947,Vision Torque,Thoughtful Documentary of a Dog And a Man,2006,1,5,0.99,59,16.99,PG-13,0,1,0,1
948,Voice Peach,Amazing Panorama of a Pioneer And a Student,2006,1,6,0.99,139,22.99,PG-13,0,1,1,0
949,Volcano Texas,Awe-Inspiring Yarn of a Hunter And a Feminist,2006,1,6,0.99,157,27.99,NC-17,1,1,1,1
950,Volume House,Boring Tale of a Dog And a Woman,2006,1,7,4.99,132,12.99,PG,0,1,0,0
951,Voyage Legally,Epic Tale of a Squirrel And a Hunter,2006,1,6,0.99,78,28.99,PG-13,0,1,1,0
952,Wagon Jaws,Intrepid Drama of a Moose And a Boat,2006,1,7,2.99,152,17.99,PG,0,0,1,1
953,Wait Cider,Intrepid Epistle of a Woman And a Forensic,2006,1,3,0.99,112,9.99,PG-13,1,0,0,0
954,Wake Jaws,Beautiful Saga of a Feminist And a Composer,2006,1,7,4.99,73,18.99,G,1,1,1,1
955,Walls Artist,Insightful Panorama of a Teacher And a Teacher,2006,1,7,4.99,135,19.99,PG,1,0,1,0
956,Wanda Chamber,Insightful Drama of a A Shark And a,2006,1,7,4.99,107,23.99,PG-13,0,1,1,1
957,War Notting,Boring Drama of a Teacher And a Sumo,2006,1,7,4.99,80,26.99,G,0,0,1,1
958,Wardrobe Phantom,Action-Packed Display of a Mad Cow And a,2006,1,6,2.99,178,19.99,G,1,1,0,0
959,Warlock Werewolf,Astounding Yarn of a Pioneer And a Crocodile,2006,1,6,2.99,83,10.99,G,0,1,1,0
960,Wars Pluto,Taut Reflection of a Teacher And a Database,2006,1,5,2.99,128,15.99,G,0,1,1,0
961,Wash Heavenly,Awe-Inspiring Reflection of a Cat And a Pioneer,2006,1,7,4.99,161,22.99,R,0,1,0,0
962,Wasteland Divine,Fanciful Story of a Database Administrator And a,2006,1,7,2.99,85,18.99,PG,1,0,1,1
963,Watch Tracy,Fast-Paced Yarn of a Dog And a Frisbee,2006,1,5,0.99,78,12.99,PG,1,0,1,1
964,Waterfront Deliverance,Unbelieveable Documentary of a Dentist And a Technical,2006,1,4,4.99,61,17.99,G,0,0,1,0
965,Watership Frontier,Emotional Yarn of a Boat And a Crocodile,2006,1,6,0.99,112,28.99,G,0,1,0,0
966,Wedding Apollo,Action-Packed Tale of a Student And a Waitress,2006,1,3,0.99,70,14.99,PG,1,0,0,0
967,Weekend Personal,Fast-Paced Documentary of a Car And a Butler,2006,1,5,2.99,134,26.99,R,1,1,1,1
968,Werewolf Lola,Fanciful Story of a Man And a Sumo,2006,1,6,4.99,79,19.99,G,1,0,1,0
969,West Lion,Intrepid Drama of a Butler And a Lumberjack,2006,1,4,4.99,159,29.99,G,1,0,0,0
970,Westward Seabiscuit,Lacklusture Tale of a Butler And a Husband,2006,1,7,0.99,52,11.99,NC-17,0,1,0,1
971,Whale Bikini,Intrepid Story of a Pastry Chef And a,2006,1,4,4.99,109,11.99,PG-13,0,1,1,1
972,Whisperer Giant,Intrepid Story of a Dentist And a Hunter,2006,1,4,4.99,59,24.99,PG-13,1,0,0,1
973,Wife Turn,Awe-Inspiring Epistle of a Teacher And a Feminist,2006,1,3,4.99,183,27.99,NC-17,0,0,1,1
974,Wild Apollo,Beautiful Story of a Monkey And a Sumo,2006,1,4,0.99,181,24.99,R,1,1,1,1
975,Willow Tracy,Brilliant Panorama of a Boat And a Astronaut,2006,1,6,2.99,137,22.99,R,1,1,1,0
976,Wind Phantom,Touching Saga of a Madman And a Forensic,2006,1,6,0.99,111,12.99,R,0,1,0,1
977,Window Side,Astounding Character Study of a Womanizer And a,2006,1,3,2.99,85,25.99,R,0,0,1,1
978,Wisdom Worker,Unbelieveable Saga of a Forensic Psychologist And a,2006,1,3,0.99,98,12.99,R,0,0,1,1
979,Witches Panic,Awe-Inspiring Drama of a Secret Agent And a,2006,1,6,4.99,100,10.99,NC-17,0,1,1,0
980,Wizard Coldblooded,Lacklusture Display of a Robot And a Girl,2006,1,4,4.99,75,12.99,PG,0,1,1,1
981,Wolves Desire,Fast-Paced Drama of a Squirrel And a Robot,2006,1,7,0.99,55,13.99,NC-17,0,0,1,0
982,Women Dorado,Insightful Documentary of a Waitress And a Butler,2006,1,4,0.99,126,23.99,R,0,0,1,1
983,Won Dares,Unbelieveable Documentary of a Teacher And a Monkey,2006,1,7,2.99,105,18.99,PG,0,0,1,0
984,Wonderful Drop,Boring Panorama of a Woman And a Madman,2006,1,3,2.99,126,20.99,NC-17,0,1,0,0
985,Wonderland Christmas,Awe-Inspiring Character Study of a Waitress And a,2006,1,4,4.99,111,19.99,PG,0,1,0,0
986,Wonka Sea,Brilliant Saga of a Boat And a Mad,2006,1,6,2.99,85,24.99,NC-17,1,1,0,0
987,Words Hunter,Action-Packed Reflection of a Composer And a Mad,2006,1,3,2.99,116,13.99,PG,1,1,0,1
988,Worker Tarzan,Action-Packed Yarn of a Secret Agent And a,2006,1,7,2.99,139,26.99,R,1,1,1,0
989,Working Microcosmos,Stunning Epistle of a Dentist And a Dog,2006,1,4,4.99,74,22.99,R,0,1,0,1
990,World Leathernecks,Unbelieveable Tale of a Pioneer And a Astronaut,2006,1,3,0.99,171,13.99,PG-13,1,0,1,0
991,Worst Banger,Thrilling Drama of a Madman And a Dentist,2006,1,4,2.99,185,26.99,PG,0,0,1,1
992,Wrath Mile,Intrepid Reflection of a Technical Writer And a,2006,1,5,0.99,176,17.99,NC-17,1,1,0,0
993,Wrong Behavior,Emotional Saga of a Crocodile And a Sumo,2006,1,6,2.99,178,10.99,PG-13,1,0,1,0
994,Wyoming Storm,Awe-Inspiring Panorama of a Robot And a Boat,2006,1,6,4.99,100,29.99,PG-13,0,0,0,1
995,Yentl Idaho,Amazing Display of a Robot And a Astronaut,2006,1,5,4.99,86,11.99,R,1,1,0,1
996,Young Language,Unbelieveable Yarn of a Boat And a Database,2006,1,6,0.99,183,9.99,G,1,0,1,0
997,Youth Kick,Touching Drama of a Teacher And a Cat,2006,1,4,0.99,179,14.99,NC-17,1,0,1,0
998,Zhivago Core,Fateful Yarn of a Composer And a Man,2006,1,6,0.99,105,10.99,NC-17,0,0,0,1
999,Zoolander Fiction,Fateful Reflection of a Waitress And a Boat,2006,1,5,2.99,101,28.99,R,1,0,0,1
1000,Zorro Ark,Intrepid Panorama of a Mad Scientist And a,2006,1,3,4.99,50,18.99,NC-17,1,1,1,0
